website_session_id,user_id,billing_version,billing_pageview_id,billing_exposure_at,device_type,is_repeat_session,utm_source,utm_campaign,purchased,order_count,revenue
25325,23266,treatment,53550,"2012-09-10 00:13:05",desktop,0,gsearch,nonbrand,1,1,49.99
25343,23284,control,53583,"2012-09-10 05:39:09",desktop,0,gsearch,nonbrand,1,1,49.99
25353,23291,control,53610,"2012-09-10 07:53:37",desktop,0,gsearch,nonbrand,1,1,49.99
25358,23064,treatment,53628,"2012-09-10 08:36:13",desktop,1,gsearch,brand,1,1,49.99
25368,23305,control,53662,"2012-09-10 09:26:12",desktop,0,gsearch,nonbrand,1,1,49.99
25393,23327,control,53718,"2012-09-10 11:22:08",mobile,0,gsearch,nonbrand,1,1,49.99
25411,23343,treatment,53753,"2012-09-10 12:22:36",desktop,0,gsearch,nonbrand,1,1,49.99
25454,7473,treatment,53839,"2012-09-10 15:08:37",desktop,1,gsearch,brand,1,1,49.99
25459,23386,treatment,53854,"2012-09-10 15:18:08",desktop,0,bsearch,nonbrand,0,0,0.00
25468,23395,control,53866,"2012-09-10 15:34:36",desktop,0,gsearch,nonbrand,0,0,0.00
25488,19982,control,53913,"2012-09-10 17:04:55",desktop,1,NULL,NULL,0,0,0.00
25508,23426,control,53962,"2012-09-10 18:23:00",desktop,0,bsearch,nonbrand,1,1,49.99
25516,23433,treatment,53977,"2012-09-10 19:10:27",desktop,0,gsearch,nonbrand,1,1,49.99
25518,23435,control,53986,"2012-09-10 19:22:22",mobile,0,gsearch,nonbrand,0,0,0.00
25533,23448,control,54024,"2012-09-10 21:37:51",desktop,0,bsearch,nonbrand,0,0,0.00
25539,23452,control,54034,"2012-09-10 21:59:56",desktop,0,bsearch,nonbrand,1,1,49.99
25565,21689,treatment,54102,"2012-09-11 00:34:17",desktop,1,NULL,NULL,1,1,49.99
25601,13329,control,54182,"2012-09-11 06:41:55",desktop,1,bsearch,brand,1,1,49.99
25620,23522,control,54210,"2012-09-11 08:36:34",desktop,0,NULL,NULL,0,0,0.00
25629,23531,treatment,54231,"2012-09-11 09:28:33",desktop,0,gsearch,nonbrand,0,0,0.00
25639,23540,treatment,54249,"2012-09-11 10:16:07",desktop,0,gsearch,nonbrand,1,1,49.99
25646,23546,treatment,54268,"2012-09-11 10:54:40",desktop,0,gsearch,nonbrand,1,1,49.99
25662,23560,control,54316,"2012-09-11 12:10:51",desktop,0,bsearch,nonbrand,0,0,0.00
25664,23562,control,54320,"2012-09-11 12:14:41",mobile,0,gsearch,nonbrand,1,1,49.99
25680,18214,treatment,54345,"2012-09-11 13:01:16",desktop,1,gsearch,brand,0,0,0.00
25691,23587,treatment,54375,"2012-09-11 13:44:44",desktop,0,bsearch,nonbrand,1,1,49.99
25690,23586,control,54377,"2012-09-11 13:45:16",desktop,0,gsearch,nonbrand,0,0,0.00
25697,23593,treatment,54390,"2012-09-11 14:02:17",desktop,0,gsearch,nonbrand,0,0,0.00
25699,23595,control,54396,"2012-09-11 14:07:49",desktop,0,gsearch,nonbrand,0,0,0.00
25701,23597,treatment,54407,"2012-09-11 14:28:51",desktop,0,gsearch,nonbrand,0,0,0.00
25719,23613,treatment,54442,"2012-09-11 15:34:11",desktop,0,gsearch,nonbrand,1,1,49.99
25724,23617,treatment,54465,"2012-09-11 16:11:31",desktop,0,gsearch,nonbrand,0,0,0.00
25744,23634,control,54500,"2012-09-11 17:09:47",desktop,0,gsearch,nonbrand,0,0,0.00
25773,23663,control,54559,"2012-09-11 19:14:30",desktop,0,gsearch,nonbrand,1,1,49.99
25791,23678,treatment,54596,"2012-09-11 21:09:53",desktop,0,gsearch,nonbrand,0,0,0.00
25802,20876,control,54626,"2012-09-11 22:33:42",desktop,1,gsearch,brand,1,1,49.99
25807,23691,treatment,54635,"2012-09-11 22:52:05",desktop,0,gsearch,nonbrand,0,0,0.00
25814,23698,control,54648,"2012-09-12 00:47:00",desktop,0,gsearch,nonbrand,1,1,49.99
25816,23700,treatment,54656,"2012-09-12 01:29:42",desktop,0,bsearch,nonbrand,1,1,49.99
25826,23710,control,54689,"2012-09-12 03:06:29",desktop,0,gsearch,nonbrand,1,1,49.99
25836,23720,control,54713,"2012-09-12 06:17:19",desktop,0,gsearch,nonbrand,0,0,0.00
25848,23731,control,54737,"2012-09-12 07:45:37",desktop,0,gsearch,nonbrand,1,1,49.99
25860,23742,treatment,54767,"2012-09-12 09:02:09",desktop,0,gsearch,nonbrand,1,1,49.99
25874,23754,control,54801,"2012-09-12 10:04:26",desktop,0,bsearch,nonbrand,1,1,49.99
25875,23755,treatment,54803,"2012-09-12 10:06:12",desktop,0,gsearch,nonbrand,0,0,0.00
25880,17179,control,54822,"2012-09-12 10:39:53",mobile,1,NULL,NULL,1,1,49.99
25882,23760,control,54825,"2012-09-12 10:41:43",desktop,0,gsearch,nonbrand,0,0,0.00
25907,23782,treatment,54873,"2012-09-12 12:21:31",desktop,0,gsearch,nonbrand,1,1,49.99
25918,23793,control,54894,"2012-09-12 12:58:48",desktop,0,gsearch,nonbrand,1,1,49.99
25936,23810,control,54932,"2012-09-12 13:58:31",desktop,0,gsearch,nonbrand,0,0,0.00
25979,23851,treatment,54999,"2012-09-12 16:53:46",desktop,0,bsearch,nonbrand,1,1,49.99
25997,23868,treatment,55041,"2012-09-12 17:58:43",desktop,0,gsearch,nonbrand,0,0,0.00
26017,23887,control,55083,"2012-09-12 19:23:02",desktop,0,gsearch,nonbrand,0,0,0.00
26021,23891,treatment,55095,"2012-09-12 19:37:38",desktop,0,gsearch,nonbrand,1,1,49.99
26022,23892,control,55099,"2012-09-12 19:42:56",desktop,0,gsearch,nonbrand,0,0,0.00
26024,17194,control,55107,"2012-09-12 20:03:31",desktop,1,NULL,NULL,1,1,49.99
26036,23905,control,55129,"2012-09-12 21:05:28",desktop,0,bsearch,nonbrand,0,0,0.00
26039,23908,control,55141,"2012-09-12 21:53:30",desktop,0,gsearch,nonbrand,0,0,0.00
26048,23915,control,55159,"2012-09-12 22:58:29",mobile,0,gsearch,nonbrand,1,1,49.99
26092,17221,control,55241,"2012-09-13 05:41:55",desktop,1,NULL,NULL,1,1,49.99
26093,16542,control,55248,"2012-09-13 06:23:20",desktop,1,gsearch,brand,1,1,49.99
26105,23966,treatment,55278,"2012-09-13 07:32:09",desktop,0,gsearch,nonbrand,1,1,49.99
26114,23972,treatment,55304,"2012-09-13 08:39:16",mobile,0,gsearch,nonbrand,1,1,49.99
26119,23977,treatment,55312,"2012-09-13 08:44:44",desktop,0,gsearch,nonbrand,0,0,0.00
26120,23978,treatment,55317,"2012-09-13 08:50:44",desktop,0,gsearch,nonbrand,1,1,49.99
26127,23984,treatment,55336,"2012-09-13 09:18:28",desktop,0,gsearch,nonbrand,1,1,49.99
26136,23993,control,55353,"2012-09-13 10:00:55",desktop,0,bsearch,nonbrand,1,1,49.99
26175,24029,control,55423,"2012-09-13 12:04:34",desktop,0,gsearch,nonbrand,1,1,49.99
26196,24049,control,55467,"2012-09-13 12:56:06",desktop,0,gsearch,nonbrand,1,1,49.99
26213,24063,treatment,55499,"2012-09-13 14:13:50",mobile,0,gsearch,nonbrand,0,0,0.00
26222,24071,treatment,55521,"2012-09-13 14:41:00",desktop,0,gsearch,nonbrand,1,1,49.99
26230,24078,control,55535,"2012-09-13 15:14:03",desktop,0,gsearch,nonbrand,1,1,49.99
26234,24081,treatment,55555,"2012-09-13 15:31:33",desktop,0,bsearch,nonbrand,1,1,49.99
26243,21657,treatment,55571,"2012-09-13 15:55:21",desktop,1,NULL,NULL,1,1,49.99
26242,24088,treatment,55573,"2012-09-13 15:55:41",desktop,0,bsearch,nonbrand,1,1,49.99
26272,24116,treatment,55630,"2012-09-13 17:41:28",desktop,0,bsearch,nonbrand,1,1,49.99
26277,24121,treatment,55644,"2012-09-13 18:11:58",desktop,0,gsearch,nonbrand,1,1,49.99
26285,24128,treatment,55672,"2012-09-13 18:49:15",desktop,0,gsearch,nonbrand,1,1,49.99
26284,24127,treatment,55679,"2012-09-13 18:51:49",desktop,0,gsearch,nonbrand,0,0,0.00
26289,24132,treatment,55682,"2012-09-13 18:54:11",desktop,0,gsearch,nonbrand,1,1,49.99
26318,24159,treatment,55743,"2012-09-13 21:58:29",desktop,0,bsearch,nonbrand,1,1,49.99
26334,10202,treatment,55768,"2012-09-13 23:59:29",desktop,1,NULL,NULL,0,0,0.00
26362,24199,control,55829,"2012-09-14 07:13:00",desktop,0,gsearch,nonbrand,0,0,0.00
26400,16149,treatment,55901,"2012-09-14 10:25:29",desktop,1,bsearch,brand,1,1,49.99
26406,24236,treatment,55920,"2012-09-14 10:57:07",desktop,0,gsearch,nonbrand,0,0,0.00
26410,24240,control,55933,"2012-09-14 11:09:52",mobile,0,gsearch,nonbrand,0,0,0.00
26423,24252,control,55960,"2012-09-14 11:55:03",desktop,0,gsearch,nonbrand,1,1,49.99
26430,24258,treatment,55976,"2012-09-14 12:31:33",desktop,0,gsearch,nonbrand,0,0,0.00
26442,11917,treatment,55995,"2012-09-14 13:24:28",desktop,1,NULL,NULL,1,1,49.99
26446,19574,control,56011,"2012-09-14 13:51:21",desktop,1,NULL,NULL,0,0,0.00
26448,24273,treatment,56013,"2012-09-14 13:54:05",desktop,0,gsearch,nonbrand,1,1,49.99
26470,24295,control,56056,"2012-09-14 15:18:00",desktop,0,bsearch,nonbrand,1,1,49.99
26480,24304,control,56080,"2012-09-14 15:57:39",desktop,0,bsearch,nonbrand,0,0,0.00
26482,24305,treatment,56087,"2012-09-14 16:02:59",desktop,0,gsearch,nonbrand,1,1,49.99
26488,24311,control,56096,"2012-09-14 16:13:42",desktop,0,gsearch,nonbrand,0,0,0.00
26501,24324,treatment,56122,"2012-09-14 16:51:57",desktop,0,gsearch,nonbrand,0,0,0.00
26502,24325,control,56128,"2012-09-14 16:54:46",desktop,0,NULL,NULL,0,0,0.00
26529,24350,control,56174,"2012-09-14 19:18:15",desktop,0,gsearch,brand,1,1,49.99
26540,24361,treatment,56194,"2012-09-14 20:39:04",desktop,0,gsearch,nonbrand,1,1,49.99
26550,24371,control,56216,"2012-09-14 22:05:39",desktop,0,gsearch,nonbrand,1,1,49.99
26556,9992,control,56229,"2012-09-14 22:48:57",desktop,1,NULL,NULL,0,0,0.00
26575,24393,treatment,56265,"2012-09-15 03:53:31",mobile,0,gsearch,nonbrand,1,1,49.99
26588,24406,control,56304,"2012-09-15 08:09:26",desktop,0,gsearch,nonbrand,1,1,49.99
26604,24421,treatment,56331,"2012-09-15 11:53:12",desktop,0,gsearch,nonbrand,0,0,0.00
26618,24435,treatment,56363,"2012-09-15 13:25:43",desktop,0,gsearch,nonbrand,1,1,49.99
26652,24464,treatment,56426,"2012-09-15 18:57:13",desktop,0,bsearch,nonbrand,0,0,0.00
26657,24469,treatment,56437,"2012-09-15 19:25:23",mobile,0,gsearch,nonbrand,0,0,0.00
26662,24474,control,56453,"2012-09-15 20:02:23",desktop,0,gsearch,nonbrand,0,0,0.00
26666,13154,control,56463,"2012-09-15 20:20:13",desktop,1,NULL,NULL,1,1,49.99
26669,24480,treatment,56474,"2012-09-15 20:53:06",desktop,0,gsearch,nonbrand,1,1,49.99
26671,24482,treatment,56482,"2012-09-15 21:39:06",desktop,0,gsearch,nonbrand,1,1,49.99
26676,24487,treatment,56495,"2012-09-15 23:45:37",desktop,0,gsearch,nonbrand,1,1,49.99
26680,24491,treatment,56509,"2012-09-16 00:31:38",desktop,0,bsearch,nonbrand,0,0,0.00
26700,24509,treatment,56549,"2012-09-16 09:22:32",desktop,0,bsearch,nonbrand,0,0,0.00
26714,24523,treatment,56581,"2012-09-16 11:24:31",desktop,0,NULL,NULL,1,1,49.99
26718,18997,control,56593,"2012-09-16 12:06:30",desktop,1,gsearch,brand,0,0,0.00
26719,24527,control,56599,"2012-09-16 12:25:22",desktop,0,bsearch,nonbrand,0,0,0.00
26722,24530,control,56614,"2012-09-16 12:52:48",desktop,0,gsearch,nonbrand,1,1,49.99
26739,24545,control,56649,"2012-09-16 15:59:14",desktop,0,bsearch,nonbrand,0,0,0.00
26748,24554,control,56676,"2012-09-16 17:01:49",desktop,0,gsearch,nonbrand,0,0,0.00
26757,24561,control,56695,"2012-09-16 18:05:44",desktop,0,gsearch,nonbrand,0,0,0.00
26764,24567,treatment,56713,"2012-09-16 19:39:51",mobile,0,gsearch,nonbrand,1,1,49.99
26777,24579,treatment,56741,"2012-09-16 20:49:35",desktop,0,gsearch,nonbrand,1,1,49.99
26791,24591,treatment,56782,"2012-09-16 22:24:31",desktop,0,bsearch,nonbrand,0,0,0.00
26808,24608,treatment,56813,"2012-09-17 00:10:48",desktop,0,gsearch,nonbrand,0,0,0.00
26821,24621,treatment,56845,"2012-09-17 01:58:31",desktop,0,bsearch,brand,1,1,49.99
26832,24630,treatment,56875,"2012-09-17 03:31:23",desktop,0,gsearch,nonbrand,0,0,0.00
26878,24672,treatment,56966,"2012-09-17 09:36:07",desktop,0,bsearch,nonbrand,0,0,0.00
26886,24679,control,56980,"2012-09-17 09:57:42",desktop,0,bsearch,nonbrand,1,1,49.99
26891,24683,treatment,56993,"2012-09-17 10:17:37",desktop,0,gsearch,nonbrand,1,1,49.99
26902,24692,control,57014,"2012-09-17 10:59:41",desktop,0,NULL,NULL,0,0,0.00
26931,24718,control,57075,"2012-09-17 12:45:25",desktop,0,bsearch,nonbrand,1,1,49.99
26941,24728,treatment,57103,"2012-09-17 13:13:08",desktop,0,gsearch,nonbrand,1,1,49.99
26984,24765,control,57189,"2012-09-17 15:05:58",desktop,0,bsearch,nonbrand,1,1,49.99
26989,24769,treatment,57206,"2012-09-17 15:22:05",desktop,0,gsearch,nonbrand,1,1,49.99
26990,24770,treatment,57212,"2012-09-17 15:28:07",desktop,0,gsearch,nonbrand,0,0,0.00
27007,24786,treatment,57250,"2012-09-17 16:17:03",desktop,0,gsearch,nonbrand,0,0,0.00
27008,17996,treatment,57254,"2012-09-17 16:21:01",desktop,1,NULL,NULL,0,0,0.00
27030,24805,control,57295,"2012-09-17 17:18:25",desktop,0,gsearch,nonbrand,0,0,0.00
27035,24810,control,57303,"2012-09-17 17:30:23",desktop,0,gsearch,nonbrand,0,0,0.00
27040,20960,treatment,57321,"2012-09-17 17:44:50",mobile,1,gsearch,brand,1,1,49.99
27041,24814,control,57330,"2012-09-17 17:49:02",desktop,0,bsearch,nonbrand,0,0,0.00
27055,24828,treatment,57351,"2012-09-17 18:21:06",desktop,0,gsearch,nonbrand,0,0,0.00
27086,24858,control,57417,"2012-09-17 20:11:17",desktop,0,bsearch,nonbrand,0,0,0.00
27117,24888,control,57483,"2012-09-18 00:04:52",desktop,0,gsearch,nonbrand,1,1,49.99
27135,24906,control,57522,"2012-09-18 02:17:00",desktop,0,bsearch,nonbrand,0,0,0.00
27155,24924,control,57555,"2012-09-18 06:06:52",desktop,0,bsearch,nonbrand,1,1,49.99
27160,24185,control,57571,"2012-09-18 07:28:02",desktop,1,NULL,NULL,0,0,0.00
27163,24931,control,57583,"2012-09-18 08:22:25",desktop,0,gsearch,brand,0,0,0.00
27164,24932,treatment,57590,"2012-09-18 08:30:57",desktop,0,gsearch,nonbrand,0,0,0.00
27165,24933,treatment,57593,"2012-09-18 08:34:00",mobile,0,gsearch,nonbrand,0,0,0.00
27166,24934,control,57600,"2012-09-18 09:01:25",mobile,0,gsearch,nonbrand,1,1,49.99
27189,24956,control,57646,"2012-09-18 10:56:03",desktop,0,NULL,NULL,1,1,49.99
27204,24970,control,57681,"2012-09-18 11:49:25",desktop,0,gsearch,nonbrand,0,0,0.00
27211,24977,treatment,57698,"2012-09-18 12:02:08",desktop,0,gsearch,nonbrand,0,0,0.00
27218,24984,treatment,57710,"2012-09-18 12:19:43",mobile,0,gsearch,nonbrand,0,0,0.00
27226,22370,treatment,57729,"2012-09-18 12:43:22",mobile,1,NULL,NULL,1,1,49.99
27253,25015,treatment,57784,"2012-09-18 14:08:31",mobile,0,gsearch,nonbrand,1,1,49.99
27272,16112,control,57816,"2012-09-18 14:43:10",desktop,1,gsearch,brand,0,0,0.00
27277,25037,control,57829,"2012-09-18 14:54:36",desktop,0,gsearch,nonbrand,0,0,0.00
27286,25044,treatment,57849,"2012-09-18 15:16:50",desktop,0,gsearch,nonbrand,1,1,49.99
27296,25052,control,57875,"2012-09-18 15:51:47",desktop,0,gsearch,nonbrand,0,0,0.00
27325,25075,treatment,57933,"2012-09-18 17:12:47",desktop,0,gsearch,nonbrand,0,0,0.00
27334,25084,control,57959,"2012-09-18 17:51:35",desktop,0,gsearch,nonbrand,0,0,0.00
27361,25108,control,58007,"2012-09-18 19:17:09",desktop,0,gsearch,nonbrand,1,1,49.99
27374,25119,treatment,58035,"2012-09-18 20:20:24",desktop,0,gsearch,nonbrand,1,1,49.99
27384,25129,control,58059,"2012-09-18 21:11:40",desktop,0,gsearch,nonbrand,1,1,49.99
27391,25135,treatment,58078,"2012-09-18 21:29:13",desktop,0,gsearch,nonbrand,1,1,49.99
27409,25153,treatment,58109,"2012-09-18 22:36:15",desktop,0,bsearch,nonbrand,0,0,0.00
27413,25157,control,58120,"2012-09-18 23:07:22",desktop,0,gsearch,nonbrand,0,0,0.00
27416,25160,treatment,58127,"2012-09-18 23:31:17",desktop,0,gsearch,nonbrand,0,0,0.00
27420,25163,control,58142,"2012-09-19 00:08:46",desktop,0,gsearch,nonbrand,1,1,49.99
27421,25164,control,58147,"2012-09-19 00:18:15",desktop,0,bsearch,nonbrand,1,1,49.99
27423,25166,control,58156,"2012-09-19 00:40:15",desktop,0,gsearch,nonbrand,1,1,49.99
27472,25214,control,58242,"2012-09-19 08:33:38",desktop,0,gsearch,nonbrand,1,1,49.99
27477,25219,control,58252,"2012-09-19 08:52:48",desktop,0,gsearch,nonbrand,1,1,49.99
27485,25227,treatment,58271,"2012-09-19 09:22:43",desktop,0,bsearch,nonbrand,1,1,49.99
27493,25235,treatment,58296,"2012-09-19 10:06:05",desktop,0,bsearch,nonbrand,1,1,49.99
27496,25237,treatment,58304,"2012-09-19 10:13:25",desktop,0,bsearch,nonbrand,1,1,49.99
27503,25244,control,58314,"2012-09-19 10:20:40",desktop,0,gsearch,nonbrand,1,1,49.99
27516,25255,control,58354,"2012-09-19 11:03:27",desktop,0,bsearch,nonbrand,1,1,49.99
27521,25260,treatment,58374,"2012-09-19 11:14:21",desktop,0,gsearch,nonbrand,1,1,49.99
27527,25265,control,58381,"2012-09-19 11:22:44",desktop,0,bsearch,brand,1,1,49.99
27544,16713,control,58415,"2012-09-19 12:04:40",desktop,1,NULL,NULL,0,0,0.00
27546,25280,control,58429,"2012-09-19 12:12:30",desktop,0,bsearch,nonbrand,1,1,49.99
27556,25290,control,58452,"2012-09-19 12:33:41",desktop,0,gsearch,nonbrand,0,0,0.00
27565,25299,control,58475,"2012-09-19 13:01:23",desktop,0,gsearch,nonbrand,0,0,0.00
27571,25305,treatment,58483,"2012-09-19 13:12:22",desktop,0,gsearch,nonbrand,0,0,0.00
27575,25309,control,58497,"2012-09-19 13:36:26",desktop,0,gsearch,nonbrand,1,1,49.99
27604,25334,treatment,58552,"2012-09-19 15:08:01",desktop,0,bsearch,nonbrand,1,1,49.99
27615,25344,control,58576,"2012-09-19 15:32:12",mobile,0,gsearch,nonbrand,0,0,0.00
27639,25367,control,58629,"2012-09-19 16:44:39",desktop,0,bsearch,nonbrand,0,0,0.00
27640,25368,treatment,58632,"2012-09-19 16:47:22",desktop,0,gsearch,nonbrand,0,0,0.00
27644,25372,control,58640,"2012-09-19 16:55:37",desktop,0,gsearch,nonbrand,1,1,49.99
27654,20223,treatment,58667,"2012-09-19 17:29:31",mobile,1,gsearch,brand,1,1,49.99
27657,25381,treatment,58676,"2012-09-19 17:37:53",desktop,0,gsearch,nonbrand,0,0,0.00
27655,23122,control,58677,"2012-09-19 17:39:19",desktop,1,gsearch,brand,1,1,49.99
27677,25397,treatment,58709,"2012-09-19 18:37:17",mobile,0,bsearch,nonbrand,0,0,0.00
27678,25398,control,58717,"2012-09-19 18:48:17",desktop,0,gsearch,nonbrand,0,0,0.00
27688,25408,control,58743,"2012-09-19 19:45:06",desktop,0,gsearch,nonbrand,0,0,0.00
27702,25421,treatment,58768,"2012-09-19 21:16:52",mobile,0,gsearch,nonbrand,0,0,0.00
27717,25434,treatment,58799,"2012-09-19 22:34:51",desktop,0,gsearch,nonbrand,1,1,49.99
27755,25469,control,58882,"2012-09-20 05:06:47",desktop,0,gsearch,nonbrand,1,1,49.99
27763,25476,treatment,58899,"2012-09-20 06:15:24",desktop,0,bsearch,nonbrand,1,1,49.99
27765,25478,treatment,58908,"2012-09-20 06:58:31",mobile,0,gsearch,nonbrand,0,0,0.00
27767,25480,control,58915,"2012-09-20 07:09:28",desktop,0,gsearch,nonbrand,1,1,49.99
27770,17328,control,58926,"2012-09-20 07:33:01",desktop,1,gsearch,brand,0,0,0.00
27778,25488,treatment,58947,"2012-09-20 08:21:57",desktop,0,gsearch,brand,0,0,0.00
27782,25492,control,58960,"2012-09-20 08:35:53",desktop,0,bsearch,nonbrand,0,0,0.00
27788,25497,treatment,58977,"2012-09-20 08:52:47",desktop,0,gsearch,nonbrand,0,0,0.00
27790,18068,treatment,58985,"2012-09-20 09:02:05",desktop,1,NULL,NULL,0,0,0.00
27802,25509,control,59012,"2012-09-20 09:43:09",desktop,0,gsearch,nonbrand,0,0,0.00
27807,25513,treatment,59023,"2012-09-20 10:02:25",desktop,0,gsearch,nonbrand,1,1,49.99
27809,25515,treatment,59030,"2012-09-20 10:08:54",desktop,0,gsearch,nonbrand,1,1,49.99
27810,25516,treatment,59037,"2012-09-20 10:14:37",desktop,0,gsearch,nonbrand,1,1,49.99
27821,12079,treatment,59060,"2012-09-20 10:49:04",desktop,1,NULL,NULL,1,1,49.99
27827,25532,control,59088,"2012-09-20 11:11:35",desktop,0,bsearch,nonbrand,0,0,0.00
27842,25545,control,59125,"2012-09-20 12:03:31",desktop,0,gsearch,nonbrand,0,0,0.00
27888,25585,control,59213,"2012-09-20 13:57:48",desktop,0,gsearch,nonbrand,0,0,0.00
27896,25592,control,59228,"2012-09-20 14:09:20",desktop,0,gsearch,nonbrand,0,0,0.00
27904,25599,treatment,59245,"2012-09-20 14:38:36",mobile,0,gsearch,nonbrand,0,0,0.00
27906,25600,treatment,59252,"2012-09-20 14:47:41",desktop,0,gsearch,nonbrand,1,1,49.99
27923,25615,treatment,59297,"2012-09-20 15:34:27",desktop,0,gsearch,nonbrand,1,1,49.99
27930,25622,treatment,59307,"2012-09-20 15:44:50",desktop,0,gsearch,nonbrand,1,1,49.99
27938,25628,control,59325,"2012-09-20 16:04:28",mobile,0,gsearch,nonbrand,1,1,49.99
27940,25630,control,59336,"2012-09-20 16:14:20",desktop,0,gsearch,nonbrand,1,1,49.99
27954,25643,treatment,59372,"2012-09-20 16:59:40",desktop,0,bsearch,nonbrand,0,0,0.00
28003,25687,treatment,59445,"2012-09-20 19:11:16",desktop,0,gsearch,nonbrand,1,1,49.99
28024,25706,treatment,59486,"2012-09-20 21:57:18",mobile,0,NULL,NULL,1,1,49.99
28053,25732,treatment,59553,"2012-09-21 01:59:23",desktop,0,bsearch,brand,1,1,49.99
28063,25742,treatment,59578,"2012-09-21 05:00:21",desktop,0,gsearch,nonbrand,1,1,49.99
28069,25748,control,59591,"2012-09-21 06:16:03",desktop,0,bsearch,nonbrand,1,1,49.99
28084,25761,treatment,59625,"2012-09-21 08:23:43",desktop,0,bsearch,nonbrand,0,0,0.00
28096,25772,control,59651,"2012-09-21 09:17:36",desktop,0,gsearch,nonbrand,0,0,0.00
28121,25794,treatment,59702,"2012-09-21 10:27:22",mobile,0,bsearch,nonbrand,1,1,49.99
28123,25796,treatment,59703,"2012-09-21 10:27:54",desktop,0,bsearch,nonbrand,0,0,0.00
28130,25803,control,59718,"2012-09-21 10:45:42",desktop,0,bsearch,nonbrand,0,0,0.00
28146,25817,treatment,59753,"2012-09-21 11:45:05",desktop,0,gsearch,nonbrand,1,1,49.99
28158,25828,treatment,59780,"2012-09-21 12:18:14",desktop,0,gsearch,nonbrand,1,1,49.99
28157,25827,treatment,59782,"2012-09-21 12:19:00",desktop,0,gsearch,nonbrand,1,1,49.99
28182,25849,control,59840,"2012-09-21 13:50:58",desktop,0,gsearch,nonbrand,0,0,0.00
28190,25855,treatment,59862,"2012-09-21 14:12:44",desktop,0,bsearch,nonbrand,1,1,49.99
28218,25882,control,59919,"2012-09-21 15:28:36",desktop,0,bsearch,nonbrand,1,1,49.99
28234,25896,treatment,59952,"2012-09-21 16:05:28",desktop,0,gsearch,nonbrand,1,1,49.99
28272,18370,control,60013,"2012-09-21 19:01:34",desktop,1,gsearch,brand,0,0,0.00
28276,25935,treatment,60026,"2012-09-21 19:19:23",desktop,0,bsearch,nonbrand,1,1,49.99
28315,25966,treatment,60113,"2012-09-22 00:36:49",mobile,0,gsearch,nonbrand,0,0,0.00
28319,25970,treatment,60125,"2012-09-22 01:11:11",desktop,0,gsearch,nonbrand,1,1,49.99
28332,25981,treatment,60159,"2012-09-22 05:02:17",desktop,0,gsearch,nonbrand,0,0,0.00
28352,21698,treatment,60196,"2012-09-22 09:12:06",desktop,1,bsearch,brand,1,1,49.99
28354,25999,treatment,60204,"2012-09-22 09:28:50",desktop,0,bsearch,nonbrand,1,1,49.99
28357,20444,control,60213,"2012-09-22 09:48:17",desktop,1,NULL,NULL,1,1,49.99
28384,26025,treatment,60268,"2012-09-22 12:52:50",desktop,0,gsearch,nonbrand,0,0,0.00
28383,26024,treatment,60270,"2012-09-22 12:55:40",desktop,0,bsearch,nonbrand,1,1,49.99
28408,26047,treatment,60324,"2012-09-22 15:46:07",desktop,0,bsearch,nonbrand,0,0,0.00
28411,26049,control,60328,"2012-09-22 15:56:50",desktop,0,gsearch,nonbrand,0,0,0.00
28413,26051,treatment,60336,"2012-09-22 16:10:36",desktop,0,gsearch,nonbrand,1,1,49.99
28425,26062,control,60367,"2012-09-22 18:11:24",desktop,0,gsearch,nonbrand,1,1,49.99
28431,26067,control,60388,"2012-09-22 19:44:24",desktop,0,bsearch,nonbrand,1,1,49.99
28435,15920,treatment,60402,"2012-09-22 20:33:13",desktop,1,gsearch,brand,1,1,49.99
28438,26073,treatment,60410,"2012-09-22 20:55:20",desktop,0,gsearch,nonbrand,0,0,0.00
28452,26087,control,60441,"2012-09-22 23:41:30",desktop,0,gsearch,nonbrand,0,0,0.00
28487,25771,control,60508,"2012-09-23 07:58:14",desktop,1,NULL,NULL,1,1,49.99
28492,26125,treatment,60520,"2012-09-23 08:25:02",desktop,0,bsearch,nonbrand,0,0,0.00
28495,26128,control,60534,"2012-09-23 09:32:24",desktop,0,gsearch,nonbrand,1,1,49.99
28522,19719,treatment,60591,"2012-09-23 12:47:10",desktop,1,gsearch,brand,1,1,49.99
28523,26154,control,60602,"2012-09-23 13:22:14",desktop,0,gsearch,nonbrand,1,1,49.99
28543,26172,control,60638,"2012-09-23 15:32:12",desktop,0,gsearch,nonbrand,0,0,0.00
28558,26185,treatment,60671,"2012-09-23 17:56:22",desktop,0,gsearch,nonbrand,1,1,49.99
28572,26195,control,60698,"2012-09-23 19:43:48",desktop,0,gsearch,nonbrand,1,1,49.99
28586,26207,treatment,60739,"2012-09-23 21:30:03",desktop,0,gsearch,nonbrand,0,0,0.00
28605,26224,control,60774,"2012-09-23 23:47:08",desktop,0,gsearch,nonbrand,1,1,49.99
28607,20342,control,60784,"2012-09-24 00:03:21",desktop,1,NULL,NULL,0,0,0.00
28624,26242,control,60825,"2012-09-24 01:50:53",desktop,0,gsearch,nonbrand,0,0,0.00
28629,26247,control,60837,"2012-09-24 02:34:37",desktop,0,gsearch,nonbrand,0,0,0.00
28634,26251,control,60845,"2012-09-24 03:12:30",desktop,0,gsearch,nonbrand,1,1,49.99
28640,26257,treatment,60868,"2012-09-24 04:05:45",desktop,0,bsearch,nonbrand,0,0,0.00
28659,26272,treatment,60899,"2012-09-24 07:52:10",desktop,0,gsearch,nonbrand,1,1,49.99
28663,26276,treatment,60910,"2012-09-24 08:21:16",desktop,0,gsearch,nonbrand,1,1,49.99
28666,26279,control,60921,"2012-09-24 08:28:10",mobile,0,gsearch,nonbrand,0,0,0.00
28672,26284,control,60934,"2012-09-24 08:46:19",desktop,0,bsearch,nonbrand,1,1,49.99
28680,26292,control,60950,"2012-09-24 09:37:04",mobile,0,gsearch,nonbrand,1,1,49.99
28733,26338,control,61049,"2012-09-24 12:36:31",mobile,0,gsearch,nonbrand,1,1,49.99
28740,26345,control,61061,"2012-09-24 12:51:47",desktop,0,bsearch,nonbrand,1,1,49.99
28758,26361,control,61096,"2012-09-24 14:17:17",desktop,0,gsearch,nonbrand,1,1,49.99
28770,26370,control,61135,"2012-09-24 15:29:07",desktop,0,gsearch,nonbrand,1,1,49.99
28778,26377,control,61151,"2012-09-24 16:01:57",desktop,0,gsearch,nonbrand,0,0,0.00
28809,26401,treatment,61204,"2012-09-24 17:57:40",desktop,0,gsearch,nonbrand,0,0,0.00
28812,26404,control,61214,"2012-09-24 18:12:35",desktop,0,gsearch,nonbrand,1,1,49.99
28827,26418,control,61242,"2012-09-24 19:49:22",desktop,0,gsearch,nonbrand,1,1,49.99
28831,26420,treatment,61257,"2012-09-24 20:03:46",desktop,0,gsearch,nonbrand,0,0,0.00
28838,23727,control,61271,"2012-09-24 21:04:12",desktop,1,gsearch,brand,1,1,49.99
28843,26431,treatment,61290,"2012-09-24 21:44:36",desktop,0,gsearch,brand,1,1,49.99
28865,26451,treatment,61349,"2012-09-24 23:39:34",desktop,0,bsearch,nonbrand,1,1,49.99
28880,26462,treatment,61381,"2012-09-25 02:50:56",desktop,0,gsearch,nonbrand,0,0,0.00
28898,26478,treatment,61415,"2012-09-25 06:42:07",desktop,0,bsearch,nonbrand,1,1,49.99
28908,26488,treatment,61436,"2012-09-25 08:24:09",desktop,0,gsearch,nonbrand,1,1,49.99
28915,26495,control,61448,"2012-09-25 08:55:37",desktop,0,NULL,NULL,0,0,0.00
28916,26496,control,61458,"2012-09-25 09:09:54",desktop,0,bsearch,nonbrand,0,0,0.00
28976,26554,control,61586,"2012-09-25 12:28:36",desktop,0,bsearch,nonbrand,1,1,49.99
28981,26559,control,61605,"2012-09-25 12:52:18",desktop,0,gsearch,nonbrand,0,0,0.00
28993,26571,treatment,61628,"2012-09-25 13:23:11",mobile,0,gsearch,nonbrand,0,0,0.00
29019,26594,treatment,61684,"2012-09-25 14:12:06",desktop,0,gsearch,nonbrand,1,1,49.99
29026,26601,treatment,61703,"2012-09-25 14:46:48",desktop,0,bsearch,nonbrand,1,1,49.99
29037,26610,control,61727,"2012-09-25 15:34:33",mobile,0,gsearch,nonbrand,0,0,0.00
29038,26611,treatment,61736,"2012-09-25 15:45:35",desktop,0,bsearch,nonbrand,1,1,49.99
29044,26617,treatment,61760,"2012-09-25 16:01:03",desktop,0,gsearch,nonbrand,1,1,49.99
29046,26619,treatment,61762,"2012-09-25 16:01:37",desktop,0,gsearch,nonbrand,0,0,0.00
29043,26616,treatment,61772,"2012-09-25 16:06:31",desktop,0,bsearch,nonbrand,0,0,0.00
29048,26621,control,61786,"2012-09-25 16:14:29",desktop,0,gsearch,nonbrand,0,0,0.00
29052,26624,treatment,61789,"2012-09-25 16:15:36",desktop,0,gsearch,nonbrand,1,1,49.99
29051,26623,treatment,61792,"2012-09-25 16:17:27",desktop,0,gsearch,nonbrand,1,1,49.99
29093,26661,control,61862,"2012-09-25 19:04:34",desktop,0,gsearch,nonbrand,1,1,49.99
29105,26671,treatment,61890,"2012-09-25 20:05:01",desktop,0,gsearch,nonbrand,1,1,49.99
29116,26682,control,61911,"2012-09-25 21:01:25",desktop,0,gsearch,nonbrand,0,0,0.00
29119,26685,control,61920,"2012-09-25 21:14:52",desktop,0,gsearch,nonbrand,1,1,49.99
29132,26697,treatment,61945,"2012-09-25 22:32:51",mobile,0,gsearch,nonbrand,0,0,0.00
29163,26724,control,62000,"2012-09-26 04:02:43",desktop,0,gsearch,nonbrand,1,1,49.99
29170,26731,treatment,62018,"2012-09-26 04:57:43",desktop,0,gsearch,nonbrand,0,0,0.00
29179,26740,treatment,62033,"2012-09-26 06:30:53",desktop,0,bsearch,nonbrand,0,0,0.00
29199,26757,control,62093,"2012-09-26 09:05:41",desktop,0,bsearch,nonbrand,1,1,49.99
29214,26770,treatment,62126,"2012-09-26 10:11:27",desktop,0,bsearch,nonbrand,0,0,0.00
29216,26772,treatment,62134,"2012-09-26 10:19:36",desktop,0,bsearch,nonbrand,0,0,0.00
29226,26780,treatment,62154,"2012-09-26 10:52:55",desktop,0,gsearch,nonbrand,1,1,49.99
29233,26787,control,62171,"2012-09-26 11:19:35",desktop,0,gsearch,nonbrand,0,0,0.00
29258,26809,treatment,62218,"2012-09-26 12:42:20",desktop,0,gsearch,nonbrand,0,0,0.00
29255,26806,treatment,62225,"2012-09-26 12:46:44",desktop,0,gsearch,nonbrand,1,1,49.99
29262,26813,treatment,62240,"2012-09-26 13:04:21",mobile,0,gsearch,nonbrand,1,1,49.99
29265,26814,control,62244,"2012-09-26 13:08:51",desktop,0,gsearch,nonbrand,1,1,49.99
29312,26857,treatment,62347,"2012-09-26 15:52:31",desktop,0,gsearch,nonbrand,1,1,49.99
29313,26858,control,62360,"2012-09-26 16:06:41",desktop,0,gsearch,nonbrand,0,0,0.00
29325,26868,treatment,62380,"2012-09-26 16:20:19",desktop,0,gsearch,nonbrand,0,0,0.00
29348,26886,control,62431,"2012-09-26 17:42:05",desktop,0,bsearch,nonbrand,1,1,49.99
29363,26899,control,62458,"2012-09-26 18:45:42",desktop,0,NULL,NULL,0,0,0.00
29370,26905,control,62475,"2012-09-26 19:12:31",desktop,0,gsearch,nonbrand,1,1,49.99
29384,24645,control,62510,"2012-09-26 20:29:14",desktop,1,NULL,NULL,1,1,49.99
29386,14042,treatment,62519,"2012-09-26 20:40:55",desktop,1,bsearch,brand,1,1,49.99
29423,26952,control,62586,"2012-09-27 00:58:52",desktop,0,gsearch,nonbrand,0,0,0.00
29428,26957,treatment,62593,"2012-09-27 01:10:13",desktop,0,bsearch,nonbrand,1,1,49.99
29439,26968,treatment,62627,"2012-09-27 02:44:15",desktop,0,bsearch,nonbrand,0,0,0.00
29440,26969,treatment,62629,"2012-09-27 02:45:30",desktop,0,gsearch,nonbrand,1,1,49.99
29445,26974,treatment,62647,"2012-09-27 04:17:09",desktop,0,bsearch,nonbrand,1,1,49.99
29452,26979,control,62664,"2012-09-27 06:15:56",desktop,0,gsearch,nonbrand,0,0,0.00
29459,26985,control,62681,"2012-09-27 07:42:38",desktop,0,gsearch,nonbrand,0,0,0.00
29465,18801,control,62696,"2012-09-27 08:25:44",desktop,1,NULL,NULL,1,1,49.99
29474,19208,treatment,62728,"2012-09-27 09:21:06",mobile,1,NULL,NULL,1,1,49.99
29476,26999,control,62730,"2012-09-27 09:22:52",desktop,0,gsearch,nonbrand,0,0,0.00
29490,18996,treatment,62760,"2012-09-27 10:27:10",desktop,1,gsearch,brand,1,1,49.99
29492,27012,control,62767,"2012-09-27 10:37:58",desktop,0,gsearch,nonbrand,0,0,0.00
29526,17840,control,62830,"2012-09-27 12:10:39",desktop,1,NULL,NULL,0,0,0.00
29555,27068,control,62892,"2012-09-27 14:03:06",desktop,0,gsearch,nonbrand,1,1,49.99
29589,27098,control,62959,"2012-09-27 16:02:30",desktop,0,gsearch,nonbrand,1,1,49.99
29594,27103,control,62968,"2012-09-27 16:21:26",mobile,0,gsearch,nonbrand,0,0,0.00
29615,27122,treatment,63026,"2012-09-27 17:29:37",desktop,0,gsearch,nonbrand,0,0,0.00
29638,27143,control,63072,"2012-09-27 19:02:08",desktop,0,gsearch,nonbrand,0,0,0.00
29660,27163,control,63121,"2012-09-27 20:58:34",desktop,0,gsearch,nonbrand,0,0,0.00
29670,27172,control,63146,"2012-09-27 21:55:58",desktop,0,bsearch,nonbrand,1,1,49.99
29674,19608,control,63166,"2012-09-27 22:29:14",desktop,1,NULL,NULL,1,1,49.99
29686,27183,control,63194,"2012-09-27 23:36:53",mobile,0,gsearch,nonbrand,0,0,0.00
29691,27188,treatment,63213,"2012-09-27 23:50:42",desktop,0,gsearch,nonbrand,0,0,0.00
29703,27199,treatment,63237,"2012-09-28 00:19:27",desktop,0,gsearch,nonbrand,1,1,49.99
29709,27204,control,63260,"2012-09-28 01:38:30",desktop,0,gsearch,nonbrand,0,0,0.00
29711,27206,treatment,63267,"2012-09-28 01:57:41",desktop,0,gsearch,nonbrand,0,0,0.00
29725,27217,control,63290,"2012-09-28 04:50:58",desktop,0,gsearch,nonbrand,1,1,49.99
29739,27227,control,63327,"2012-09-28 07:20:21",desktop,0,gsearch,nonbrand,0,0,0.00
29741,27229,control,63336,"2012-09-28 07:35:40",desktop,0,bsearch,nonbrand,1,1,49.99
29768,12120,treatment,63389,"2012-09-28 09:55:44",desktop,1,gsearch,brand,0,0,0.00
29774,27258,control,63410,"2012-09-28 10:22:27",desktop,0,gsearch,nonbrand,0,0,0.00
29791,27273,control,63447,"2012-09-28 11:32:05",desktop,0,gsearch,nonbrand,1,1,49.99
29810,27292,control,63490,"2012-09-28 12:16:13",mobile,0,gsearch,nonbrand,0,0,0.00
29819,27301,control,63505,"2012-09-28 12:53:36",desktop,0,gsearch,nonbrand,0,0,0.00
29824,27305,control,63519,"2012-09-28 13:19:11",desktop,0,gsearch,nonbrand,1,1,49.99
29836,27316,control,63540,"2012-09-28 14:00:40",desktop,0,gsearch,nonbrand,1,1,49.99
29835,27315,treatment,63546,"2012-09-28 14:05:52",desktop,0,gsearch,nonbrand,1,1,49.99
29846,27325,treatment,63569,"2012-09-28 14:28:47",desktop,0,gsearch,nonbrand,1,1,49.99
29860,27337,treatment,63594,"2012-09-28 15:18:23",desktop,0,bsearch,nonbrand,0,0,0.00
29869,27346,control,63607,"2012-09-28 15:51:59",desktop,0,gsearch,nonbrand,0,0,0.00
29873,27349,control,63621,"2012-09-28 16:17:16",desktop,0,gsearch,nonbrand,0,0,0.00
29889,27363,treatment,63652,"2012-09-28 17:12:40",desktop,0,gsearch,nonbrand,0,0,0.00
29894,27367,treatment,63662,"2012-09-28 17:49:49",desktop,0,bsearch,nonbrand,1,1,49.99
29910,27381,control,63692,"2012-09-28 19:40:37",desktop,0,gsearch,nonbrand,0,0,0.00
29915,27385,control,63705,"2012-09-28 19:54:42",desktop,0,gsearch,nonbrand,0,0,0.00
29918,27388,control,63721,"2012-09-28 20:10:22",desktop,0,gsearch,nonbrand,1,1,49.99
29920,27390,control,63725,"2012-09-28 20:14:24",desktop,0,bsearch,nonbrand,0,0,0.00
29941,27411,treatment,63755,"2012-09-28 22:14:25",desktop,0,gsearch,nonbrand,0,0,0.00
29960,27427,treatment,63793,"2012-09-29 02:25:13",desktop,0,bsearch,nonbrand,0,0,0.00
29969,27435,control,63814,"2012-09-29 03:23:33",desktop,0,gsearch,nonbrand,0,0,0.00
29993,27457,control,63873,"2012-09-29 09:11:53",desktop,0,gsearch,nonbrand,0,0,0.00
30011,15793,control,63905,"2012-09-29 12:42:00",desktop,1,NULL,NULL,1,1,49.99
30037,27496,treatment,63971,"2012-09-29 16:45:30",desktop,0,gsearch,nonbrand,1,1,49.99
30040,27499,control,63982,"2012-09-29 17:13:54",desktop,0,gsearch,nonbrand,1,1,49.99
30043,27501,treatment,63994,"2012-09-29 17:28:15",desktop,0,bsearch,nonbrand,1,1,49.99
30059,27515,treatment,64022,"2012-09-29 19:34:29",desktop,0,gsearch,nonbrand,0,0,0.00
30072,27527,treatment,64049,"2012-09-29 22:47:04",desktop,0,gsearch,nonbrand,1,1,49.99
30078,27532,control,64063,"2012-09-29 23:56:20",desktop,0,bsearch,nonbrand,1,1,49.99
30094,27547,control,64095,"2012-09-30 03:58:57",desktop,0,gsearch,nonbrand,1,1,49.99
30109,27560,control,64130,"2012-09-30 10:02:16",desktop,0,gsearch,nonbrand,1,1,49.99
30127,27578,control,64169,"2012-09-30 13:34:23",desktop,0,bsearch,nonbrand,1,1,49.99
30133,27584,treatment,64182,"2012-09-30 14:27:36",mobile,0,gsearch,nonbrand,1,1,49.99
30158,27605,treatment,64228,"2012-09-30 17:59:06",mobile,0,gsearch,nonbrand,0,0,0.00
30166,27612,treatment,64247,"2012-09-30 18:43:48",desktop,0,bsearch,nonbrand,0,0,0.00
30175,27621,treatment,64266,"2012-09-30 20:16:21",desktop,0,gsearch,nonbrand,1,1,49.99
30176,27622,control,64270,"2012-09-30 20:21:27",desktop,0,gsearch,nonbrand,0,0,0.00
30181,27627,treatment,64288,"2012-09-30 21:14:20",mobile,0,gsearch,nonbrand,1,1,49.99
30192,27636,treatment,64310,"2012-09-30 22:19:35",desktop,0,gsearch,nonbrand,1,1,49.99
30210,27654,treatment,64347,"2012-10-01 00:21:46",desktop,0,gsearch,nonbrand,0,0,0.00
30214,27657,treatment,64357,"2012-10-01 01:11:06",desktop,0,gsearch,nonbrand,0,0,0.00
30228,27671,treatment,64382,"2012-10-01 03:10:50",desktop,0,bsearch,nonbrand,1,1,49.99
30234,27677,treatment,64399,"2012-10-01 04:41:39",desktop,0,bsearch,nonbrand,0,0,0.00
30247,27690,treatment,64438,"2012-10-01 07:45:37",desktop,0,bsearch,nonbrand,1,1,49.99
30253,27696,treatment,64447,"2012-10-01 08:01:35",mobile,0,gsearch,nonbrand,0,0,0.00
30258,13846,control,64462,"2012-10-01 08:37:27",mobile,1,gsearch,brand,0,0,0.00
30278,27718,control,64500,"2012-10-01 10:02:21",desktop,0,NULL,NULL,0,0,0.00
30282,25089,control,64516,"2012-10-01 10:31:20",desktop,1,NULL,NULL,0,0,0.00
30288,27724,control,64528,"2012-10-01 10:48:17",desktop,0,gsearch,nonbrand,0,0,0.00
30290,27726,control,64541,"2012-10-01 10:56:57",desktop,0,gsearch,nonbrand,0,0,0.00
30322,27757,control,64596,"2012-10-01 12:50:57",desktop,0,gsearch,nonbrand,0,0,0.00
30340,27773,treatment,64629,"2012-10-01 13:57:48",desktop,0,gsearch,nonbrand,1,1,49.99
30362,27792,treatment,64669,"2012-10-01 15:19:26",desktop,0,bsearch,nonbrand,1,1,49.99
30363,27793,control,64676,"2012-10-01 15:26:22",desktop,0,gsearch,nonbrand,1,1,49.99
30369,27799,treatment,64693,"2012-10-01 15:57:23",desktop,0,gsearch,nonbrand,1,1,49.99
30377,27807,treatment,64709,"2012-10-01 16:24:18",desktop,0,gsearch,nonbrand,1,1,49.99
30390,27819,control,64739,"2012-10-01 16:53:09",desktop,0,gsearch,nonbrand,1,1,49.99
30397,27825,control,64758,"2012-10-01 17:09:48",desktop,0,gsearch,nonbrand,0,0,0.00
30404,27832,control,64773,"2012-10-01 17:23:08",desktop,0,bsearch,nonbrand,0,0,0.00
30419,19760,control,64800,"2012-10-01 18:59:21",desktop,1,NULL,NULL,1,1,49.99
30466,24069,control,64883,"2012-10-01 23:57:17",desktop,1,bsearch,brand,1,1,49.99
30468,27890,treatment,64892,"2012-10-02 00:20:00",desktop,0,gsearch,nonbrand,1,1,49.99
30473,27894,control,64905,"2012-10-02 01:02:27",desktop,0,gsearch,nonbrand,0,0,0.00
30524,27942,treatment,65013,"2012-10-02 10:21:07",mobile,0,gsearch,nonbrand,0,0,0.00
30532,27949,treatment,65027,"2012-10-02 10:46:53",desktop,0,gsearch,nonbrand,1,1,49.99
30533,27950,control,65037,"2012-10-02 10:52:36",desktop,0,gsearch,nonbrand,1,1,49.99
30535,27952,treatment,65041,"2012-10-02 10:54:58",desktop,0,gsearch,nonbrand,1,1,49.99
30536,27953,control,65051,"2012-10-02 11:08:50",desktop,0,NULL,NULL,1,1,49.99
30549,27966,control,65083,"2012-10-02 11:53:28",desktop,0,bsearch,nonbrand,0,0,0.00
30550,27967,control,65094,"2012-10-02 12:03:20",desktop,0,bsearch,nonbrand,1,1,49.99
30565,27981,treatment,65134,"2012-10-02 13:05:57",desktop,0,bsearch,nonbrand,1,1,49.99
30594,28006,treatment,65190,"2012-10-02 15:00:31",desktop,0,gsearch,nonbrand,1,1,49.99
30597,28009,treatment,65196,"2012-10-02 15:03:07",desktop,0,bsearch,nonbrand,0,0,0.00
30598,28010,treatment,65204,"2012-10-02 15:09:15",desktop,0,gsearch,nonbrand,1,1,49.99
30604,28014,control,65217,"2012-10-02 15:20:48",desktop,0,gsearch,nonbrand,1,1,49.99
30608,28018,control,65226,"2012-10-02 15:31:05",desktop,0,gsearch,nonbrand,1,1,49.99
30617,28027,control,65249,"2012-10-02 16:30:50",desktop,0,gsearch,nonbrand,0,0,0.00
30625,28034,treatment,65265,"2012-10-02 16:44:48",mobile,0,NULL,NULL,1,1,49.99
30633,28041,control,65284,"2012-10-02 17:04:38",desktop,0,gsearch,nonbrand,1,1,49.99
30634,28042,control,65294,"2012-10-02 17:30:36",mobile,0,gsearch,nonbrand,0,0,0.00
30639,28047,control,65302,"2012-10-02 17:49:24",desktop,0,bsearch,nonbrand,0,0,0.00
30654,28062,control,65329,"2012-10-02 18:52:58",desktop,0,bsearch,nonbrand,0,0,0.00
30659,28067,treatment,65344,"2012-10-02 19:25:44",desktop,0,gsearch,nonbrand,1,1,49.99
30673,28081,control,65377,"2012-10-02 20:36:06",desktop,0,gsearch,nonbrand,1,1,49.99
30672,28080,control,65378,"2012-10-02 20:36:55",desktop,0,gsearch,nonbrand,0,0,0.00
30677,28084,treatment,65391,"2012-10-02 21:01:27",desktop,0,NULL,NULL,0,0,0.00
30681,28088,treatment,65400,"2012-10-02 21:30:09",desktop,0,gsearch,nonbrand,0,0,0.00
30690,28097,treatment,65424,"2012-10-02 22:39:56",desktop,0,gsearch,nonbrand,1,1,49.99
30694,28100,treatment,65437,"2012-10-02 22:57:27",mobile,0,gsearch,nonbrand,0,0,0.00
30721,28125,treatment,65483,"2012-10-03 04:20:00",desktop,0,gsearch,nonbrand,1,1,49.99
30737,28141,treatment,65515,"2012-10-03 07:30:09",desktop,0,bsearch,nonbrand,1,1,49.99
30778,28173,control,65594,"2012-10-03 11:01:53",desktop,0,bsearch,nonbrand,0,0,0.00
30793,28184,treatment,65626,"2012-10-03 12:14:12",desktop,0,gsearch,nonbrand,1,1,49.99
30799,28187,control,65644,"2012-10-03 12:32:20",desktop,0,gsearch,nonbrand,1,1,49.99
30814,11768,treatment,65673,"2012-10-03 13:31:25",desktop,1,NULL,NULL,1,1,49.99
30833,28215,treatment,65718,"2012-10-03 14:14:49",desktop,0,gsearch,nonbrand,1,1,49.99
30863,11889,control,65782,"2012-10-03 15:22:44",mobile,1,NULL,NULL,1,1,49.99
30861,15763,treatment,65785,"2012-10-03 15:26:00",mobile,1,NULL,NULL,1,1,49.99
30868,28246,treatment,65809,"2012-10-03 15:49:09",desktop,0,gsearch,nonbrand,1,1,49.99
30886,13111,treatment,65837,"2012-10-03 16:32:16",desktop,1,NULL,NULL,1,1,49.99
30920,28293,treatment,65899,"2012-10-03 18:03:40",desktop,0,bsearch,nonbrand,1,1,49.99
30945,28316,control,65946,"2012-10-03 19:57:45",mobile,0,gsearch,nonbrand,0,0,0.00
30964,28330,control,65986,"2012-10-03 21:41:57",desktop,0,bsearch,nonbrand,0,0,0.00
30978,23241,treatment,66022,"2012-10-03 23:21:38",desktop,1,bsearch,brand,1,1,49.99
31006,28368,treatment,66074,"2012-10-04 05:25:41",desktop,0,NULL,NULL,0,0,0.00
31049,28408,control,66162,"2012-10-04 09:36:19",desktop,0,gsearch,nonbrand,0,0,0.00
31072,28430,treatment,66198,"2012-10-04 10:12:20",desktop,0,gsearch,nonbrand,0,0,0.00
31081,28436,control,66234,"2012-10-04 10:58:14",desktop,0,gsearch,nonbrand,0,0,0.00
31089,28443,control,66249,"2012-10-04 11:20:03",desktop,0,bsearch,nonbrand,0,0,0.00
31098,25315,control,66269,"2012-10-04 11:33:53",desktop,1,NULL,NULL,1,1,49.99
31119,28470,control,66315,"2012-10-04 12:38:22",desktop,0,gsearch,nonbrand,0,0,0.00
31135,28485,control,66352,"2012-10-04 13:27:59",desktop,0,gsearch,nonbrand,1,1,49.99
31146,28494,control,66384,"2012-10-04 14:21:23",mobile,0,gsearch,nonbrand,0,0,0.00
31173,28517,control,66444,"2012-10-04 16:14:24",desktop,0,gsearch,nonbrand,0,0,0.00
31175,28519,treatment,66452,"2012-10-04 16:27:26",desktop,0,gsearch,nonbrand,1,1,49.99
31187,28528,treatment,66486,"2012-10-04 17:15:42",desktop,0,gsearch,nonbrand,1,1,49.99
31210,28548,treatment,66533,"2012-10-04 18:31:37",desktop,0,bsearch,nonbrand,0,0,0.00
31232,28566,treatment,66579,"2012-10-04 20:02:39",desktop,0,gsearch,nonbrand,1,1,49.99
31238,28572,control,66594,"2012-10-04 20:36:35",desktop,0,gsearch,nonbrand,0,0,0.00
31252,28585,control,66621,"2012-10-04 22:07:20",desktop,0,gsearch,nonbrand,0,0,0.00
31301,22237,treatment,66726,"2012-10-05 06:14:37",desktop,1,NULL,NULL,1,1,49.99
31302,28629,control,66729,"2012-10-05 06:17:21",desktop,0,bsearch,nonbrand,0,0,0.00
31305,28632,control,66737,"2012-10-05 06:36:53",desktop,0,gsearch,nonbrand,1,1,49.99
31331,28656,control,66798,"2012-10-05 09:53:39",mobile,0,NULL,NULL,0,0,0.00
31334,22066,control,66805,"2012-10-05 09:59:19",desktop,1,NULL,NULL,0,0,0.00
31335,28659,treatment,66812,"2012-10-05 10:03:33",desktop,0,bsearch,nonbrand,0,0,0.00
31340,28663,control,66818,"2012-10-05 10:10:58",desktop,0,gsearch,nonbrand,0,0,0.00
31362,28684,treatment,66877,"2012-10-05 11:57:18",desktop,0,gsearch,nonbrand,0,0,0.00
31363,28685,treatment,66879,"2012-10-05 11:57:35",mobile,0,gsearch,nonbrand,1,1,49.99
31367,28689,treatment,66891,"2012-10-05 12:09:52",desktop,0,gsearch,nonbrand,0,0,0.00
31364,28686,treatment,66897,"2012-10-05 12:12:21",desktop,0,gsearch,nonbrand,1,1,49.99
31370,28691,control,66905,"2012-10-05 12:22:35",desktop,0,bsearch,nonbrand,0,0,0.00
31375,28696,control,66918,"2012-10-05 12:34:24",desktop,0,bsearch,nonbrand,0,0,0.00
31400,28720,control,66970,"2012-10-05 14:17:23",mobile,0,gsearch,nonbrand,0,0,0.00
31402,28721,treatment,66974,"2012-10-05 14:21:31",desktop,0,gsearch,nonbrand,1,1,49.99
31418,15924,control,67001,"2012-10-05 14:53:50",mobile,1,NULL,NULL,1,1,49.99
31430,26295,control,67027,"2012-10-05 15:32:05",desktop,1,NULL,NULL,1,1,49.99
31435,19005,control,67039,"2012-10-05 15:53:49",desktop,1,NULL,NULL,0,0,0.00
31437,28746,control,67054,"2012-10-05 16:08:43",desktop,0,bsearch,nonbrand,1,1,49.99
31448,28757,control,67074,"2012-10-05 16:51:45",desktop,0,bsearch,nonbrand,1,1,49.99
31456,28763,treatment,67095,"2012-10-05 17:30:15",desktop,0,gsearch,nonbrand,1,1,49.99
31467,28774,control,67116,"2012-10-05 18:07:46",desktop,0,gsearch,nonbrand,0,0,0.00
31528,28829,control,67245,"2012-10-06 03:33:58",mobile,0,gsearch,nonbrand,1,1,49.99
31534,28835,treatment,67258,"2012-10-06 05:23:18",mobile,0,gsearch,nonbrand,0,0,0.00
31583,28882,treatment,67347,"2012-10-06 13:27:58",desktop,0,gsearch,nonbrand,1,1,49.99
31593,28892,treatment,67376,"2012-10-06 14:55:26",mobile,0,gsearch,nonbrand,1,1,49.99
31602,28900,treatment,67394,"2012-10-06 16:22:45",desktop,0,NULL,NULL,0,0,0.00
31604,20301,treatment,67401,"2012-10-06 16:33:57",desktop,1,NULL,NULL,0,0,0.00
31609,28905,control,67414,"2012-10-06 18:15:27",desktop,0,gsearch,nonbrand,1,1,49.99
31611,28907,treatment,67422,"2012-10-06 18:38:43",desktop,0,gsearch,nonbrand,1,1,49.99
31616,28911,control,67436,"2012-10-06 20:37:11",desktop,0,gsearch,nonbrand,1,1,49.99
31624,25906,control,67453,"2012-10-06 22:05:13",desktop,1,NULL,NULL,0,0,0.00
31627,28919,treatment,67464,"2012-10-06 22:36:06",desktop,0,bsearch,nonbrand,1,1,49.99
31635,28924,control,67479,"2012-10-07 00:20:01",desktop,0,NULL,NULL,0,0,0.00
31652,20457,treatment,67521,"2012-10-07 05:59:03",desktop,1,NULL,NULL,1,1,49.99
31659,22162,treatment,67535,"2012-10-07 08:33:17",desktop,1,NULL,NULL,1,1,49.99
31671,28956,treatment,67559,"2012-10-07 12:29:50",mobile,0,gsearch,nonbrand,1,1,49.99
31692,28976,control,67597,"2012-10-07 16:28:01",mobile,0,gsearch,nonbrand,0,0,0.00
31730,29006,control,67667,"2012-10-07 22:48:42",desktop,0,gsearch,nonbrand,0,0,0.00
31757,29031,control,67729,"2012-10-08 03:31:36",desktop,0,gsearch,nonbrand,1,1,49.99
31758,29032,control,67731,"2012-10-08 03:32:33",desktop,0,gsearch,nonbrand,0,0,0.00
31773,29045,treatment,67761,"2012-10-08 05:59:52",desktop,0,gsearch,nonbrand,1,1,49.99
31777,29049,control,67770,"2012-10-08 06:29:44",desktop,0,gsearch,nonbrand,1,1,49.99
31779,29051,control,67781,"2012-10-08 07:04:49",desktop,0,gsearch,nonbrand,0,0,0.00
31807,29077,control,67826,"2012-10-08 10:02:30",desktop,0,gsearch,nonbrand,1,1,49.99
31810,29080,treatment,67833,"2012-10-08 10:12:49",desktop,0,bsearch,nonbrand,1,1,49.99
31812,29082,control,67843,"2012-10-08 10:28:30",desktop,0,bsearch,nonbrand,0,0,0.00
31825,29095,treatment,67875,"2012-10-08 11:15:01",desktop,0,bsearch,nonbrand,0,0,0.00
31834,29103,treatment,67885,"2012-10-08 11:30:42",mobile,0,gsearch,nonbrand,0,0,0.00
31872,29136,treatment,67962,"2012-10-08 13:45:29",desktop,0,gsearch,nonbrand,0,0,0.00
31883,29146,treatment,67981,"2012-10-08 14:20:25",desktop,0,gsearch,nonbrand,1,1,49.99
31889,29150,control,68001,"2012-10-08 14:38:16",desktop,0,gsearch,nonbrand,1,1,49.99
31890,29151,treatment,68007,"2012-10-08 14:44:21",desktop,0,gsearch,nonbrand,1,1,49.99
31891,29152,control,68011,"2012-10-08 14:47:45",desktop,0,bsearch,nonbrand,1,1,49.99
31898,27997,treatment,68024,"2012-10-08 15:03:43",desktop,1,NULL,NULL,0,0,0.00
31909,13303,treatment,68055,"2012-10-08 15:32:13",mobile,1,NULL,NULL,1,1,49.99
31919,29175,treatment,68075,"2012-10-08 15:59:37",desktop,0,bsearch,nonbrand,1,1,49.99
31922,29178,treatment,68083,"2012-10-08 16:09:46",desktop,0,gsearch,nonbrand,1,1,49.99
31933,29186,control,68111,"2012-10-08 16:56:27",desktop,0,gsearch,nonbrand,0,0,0.00
31936,29189,control,68117,"2012-10-08 17:03:18",desktop,0,gsearch,nonbrand,0,0,0.00
31960,21507,control,68164,"2012-10-08 18:16:06",desktop,1,bsearch,brand,0,0,0.00
31992,29240,treatment,68222,"2012-10-08 20:32:15",desktop,0,gsearch,nonbrand,1,1,49.99
32014,24433,treatment,68264,"2012-10-08 23:06:39",desktop,1,NULL,NULL,0,0,0.00
32018,29263,control,68279,"2012-10-08 23:58:24",desktop,0,gsearch,nonbrand,0,0,0.00
32024,26643,control,68290,"2012-10-09 01:20:20",desktop,1,NULL,NULL,0,0,0.00
32025,29269,control,68296,"2012-10-09 01:32:37",desktop,0,gsearch,nonbrand,0,0,0.00
32034,29276,treatment,68319,"2012-10-09 03:03:46",desktop,0,gsearch,nonbrand,1,1,49.99
32041,29282,treatment,68334,"2012-10-09 05:40:36",mobile,0,gsearch,nonbrand,0,0,0.00
32053,22036,treatment,68369,"2012-10-09 07:29:47",desktop,1,gsearch,brand,0,0,0.00
32065,29302,control,68394,"2012-10-09 08:28:18",desktop,0,gsearch,nonbrand,0,0,0.00
32104,26800,control,68471,"2012-10-09 11:03:43",desktop,1,NULL,NULL,0,0,0.00
32126,29353,treatment,68527,"2012-10-09 12:26:55",desktop,0,gsearch,nonbrand,0,0,0.00
32128,29355,control,68532,"2012-10-09 12:28:32",desktop,0,gsearch,nonbrand,0,0,0.00
32135,29361,control,68548,"2012-10-09 12:48:39",desktop,0,gsearch,nonbrand,1,1,49.99
32146,29370,treatment,68572,"2012-10-09 13:29:26",desktop,0,gsearch,nonbrand,1,1,49.99
32150,19738,treatment,68598,"2012-10-09 13:46:36",mobile,1,NULL,NULL,1,1,49.99
32161,29383,treatment,68614,"2012-10-09 13:53:52",mobile,0,gsearch,nonbrand,0,0,0.00
32163,29385,treatment,68626,"2012-10-09 14:02:28",desktop,0,gsearch,nonbrand,1,1,49.99
32180,23586,control,68657,"2012-10-09 14:49:28",desktop,1,gsearch,brand,1,1,49.99
32193,29410,treatment,68688,"2012-10-09 15:21:25",desktop,0,gsearch,nonbrand,0,0,0.00
32208,29421,control,68726,"2012-10-09 16:15:05",desktop,0,gsearch,nonbrand,1,1,49.99
32229,29440,control,68772,"2012-10-09 17:05:13",mobile,0,gsearch,nonbrand,0,0,0.00
32244,29454,control,68809,"2012-10-09 18:06:04",desktop,0,gsearch,nonbrand,0,0,0.00
32270,29475,treatment,68871,"2012-10-09 20:02:15",desktop,0,gsearch,nonbrand,0,0,0.00
32278,28721,control,68891,"2012-10-09 20:29:14",desktop,1,gsearch,brand,1,1,49.99
32316,19709,treatment,68961,"2012-10-10 01:26:35",desktop,1,NULL,NULL,1,1,49.99
32329,29526,treatment,68993,"2012-10-10 03:52:14",desktop,0,bsearch,nonbrand,0,0,0.00
32332,29528,control,69004,"2012-10-10 04:11:11",desktop,0,gsearch,nonbrand,1,1,49.99
32376,29569,treatment,69111,"2012-10-10 09:53:13",desktop,0,bsearch,nonbrand,0,0,0.00
32381,18843,control,69122,"2012-10-10 09:57:25",mobile,1,gsearch,brand,1,1,49.99
32383,29575,treatment,69138,"2012-10-10 10:05:25",desktop,0,bsearch,nonbrand,0,0,0.00
32388,19064,control,69144,"2012-10-10 10:14:13",desktop,1,NULL,NULL,0,0,0.00
32400,27224,treatment,69170,"2012-10-10 10:58:57",desktop,1,gsearch,brand,1,1,49.99
32404,29592,treatment,69186,"2012-10-10 11:09:47",desktop,0,bsearch,nonbrand,1,1,49.99
32422,21925,treatment,69228,"2012-10-10 11:56:37",desktop,1,NULL,NULL,1,1,49.99
32440,29624,control,69253,"2012-10-10 12:25:21",desktop,0,gsearch,nonbrand,1,1,49.99
32442,29626,control,69264,"2012-10-10 12:47:46",desktop,0,bsearch,nonbrand,0,0,0.00
32471,29653,control,69323,"2012-10-10 14:34:00",desktop,0,gsearch,nonbrand,0,0,0.00
32472,17017,treatment,69338,"2012-10-10 14:42:52",mobile,1,NULL,NULL,0,0,0.00
32473,17389,treatment,69341,"2012-10-10 14:43:48",desktop,1,NULL,NULL,1,1,49.99
32493,29669,control,69367,"2012-10-10 15:22:21",mobile,0,gsearch,nonbrand,0,0,0.00
32500,29675,treatment,69390,"2012-10-10 15:50:22",desktop,0,bsearch,nonbrand,1,1,49.99
32514,29687,treatment,69415,"2012-10-10 16:19:42",desktop,0,gsearch,nonbrand,0,0,0.00
32533,18471,treatment,69464,"2012-10-10 17:37:49",desktop,1,gsearch,brand,0,0,0.00
32539,29705,control,69474,"2012-10-10 17:44:03",desktop,0,gsearch,nonbrand,1,1,49.99
32558,29720,treatment,69509,"2012-10-10 18:59:31",desktop,0,bsearch,nonbrand,0,0,0.00
32576,29735,control,69553,"2012-10-10 20:33:20",desktop,0,gsearch,nonbrand,0,0,0.00
32586,29743,control,69575,"2012-10-10 21:46:12",mobile,0,gsearch,nonbrand,1,1,49.99
32600,29755,treatment,69605,"2012-10-10 23:09:14",desktop,0,bsearch,nonbrand,0,0,0.00
32607,29761,control,69627,"2012-10-11 00:08:00",desktop,0,gsearch,nonbrand,1,1,49.99
32610,29764,treatment,69635,"2012-10-11 00:44:53",desktop,0,bsearch,nonbrand,1,1,49.99
32612,29766,control,69649,"2012-10-11 01:03:21",desktop,0,gsearch,nonbrand,1,1,49.99
32623,29774,control,69676,"2012-10-11 02:21:57",desktop,0,gsearch,nonbrand,0,0,0.00
32629,29780,treatment,69695,"2012-10-11 05:29:51",desktop,0,gsearch,nonbrand,0,0,0.00
32631,24572,control,69696,"2012-10-11 05:31:08",desktop,1,bsearch,brand,1,1,49.99
32641,29790,control,69720,"2012-10-11 06:40:21",desktop,0,gsearch,nonbrand,1,1,49.99
32650,17927,control,69742,"2012-10-11 07:44:19",desktop,1,gsearch,brand,1,1,49.99
32659,29803,treatment,69766,"2012-10-11 08:44:28",mobile,0,gsearch,brand,0,0,0.00
32715,29854,treatment,69884,"2012-10-11 11:46:01",desktop,0,gsearch,nonbrand,0,0,0.00
32717,29856,treatment,69891,"2012-10-11 11:52:09",desktop,0,bsearch,nonbrand,1,1,49.99
32738,29874,treatment,69920,"2012-10-11 12:36:52",desktop,0,gsearch,nonbrand,1,1,49.99
32742,29877,control,69939,"2012-10-11 13:02:49",desktop,0,gsearch,nonbrand,1,1,49.99
32754,29888,treatment,69955,"2012-10-11 13:30:20",desktop,0,gsearch,nonbrand,1,1,49.99
32758,29892,treatment,69969,"2012-10-11 13:56:36",desktop,0,bsearch,nonbrand,1,1,49.99
32763,28307,control,69985,"2012-10-11 14:20:30",desktop,1,NULL,NULL,1,1,49.99
32771,29903,control,70011,"2012-10-11 15:06:18",desktop,0,bsearch,nonbrand,1,1,49.99
32780,29911,control,70026,"2012-10-11 15:16:40",mobile,0,NULL,NULL,0,0,0.00
32836,29962,control,70133,"2012-10-11 18:50:37",desktop,0,bsearch,nonbrand,1,1,49.99
32851,25271,treatment,70167,"2012-10-11 20:19:10",desktop,1,NULL,NULL,1,1,49.99
32858,29979,treatment,70187,"2012-10-11 21:09:43",desktop,0,gsearch,nonbrand,0,0,0.00
32868,29989,treatment,70210,"2012-10-11 21:59:33",mobile,0,gsearch,nonbrand,1,1,49.99
32885,30003,treatment,70253,"2012-10-11 23:45:24",desktop,0,bsearch,nonbrand,1,1,49.99
32892,17720,treatment,70269,"2012-10-12 01:14:48",desktop,1,gsearch,brand,1,1,49.99
32899,30015,control,70285,"2012-10-12 02:26:52",desktop,0,gsearch,nonbrand,1,1,49.99
32910,21572,control,70314,"2012-10-12 05:52:59",mobile,1,NULL,NULL,0,0,0.00
32915,30026,treatment,70326,"2012-10-12 07:20:22",mobile,0,gsearch,nonbrand,1,1,49.99
32924,30033,treatment,70349,"2012-10-12 08:12:31",desktop,0,gsearch,nonbrand,1,1,49.99
32961,30065,treatment,70422,"2012-10-12 10:42:30",desktop,0,gsearch,nonbrand,0,0,0.00
32971,17876,treatment,70437,"2012-10-12 11:06:52",mobile,1,NULL,NULL,1,1,49.99
32974,30077,treatment,70453,"2012-10-12 11:19:29",desktop,0,gsearch,nonbrand,1,1,49.99
32985,30088,control,70468,"2012-10-12 11:46:03",desktop,0,gsearch,nonbrand,0,0,0.00
33000,30102,treatment,70495,"2012-10-12 12:25:19",desktop,0,bsearch,nonbrand,1,1,49.99
33001,30103,treatment,70503,"2012-10-12 12:33:17",desktop,0,gsearch,nonbrand,0,0,0.00
33006,30108,control,70523,"2012-10-12 13:02:30",desktop,0,gsearch,nonbrand,0,0,0.00
33010,30112,treatment,70531,"2012-10-12 13:09:38",desktop,0,bsearch,nonbrand,0,0,0.00
33020,30119,treatment,70555,"2012-10-12 13:27:04",desktop,0,gsearch,nonbrand,1,1,49.99
33051,30147,control,70613,"2012-10-12 14:46:03",desktop,0,bsearch,nonbrand,0,0,0.00
33067,30162,treatment,70657,"2012-10-12 15:51:47",desktop,0,gsearch,nonbrand,1,1,49.99
33073,30167,treatment,70668,"2012-10-12 16:16:38",mobile,0,gsearch,nonbrand,0,0,0.00
33078,30172,treatment,70680,"2012-10-12 16:30:09",desktop,0,gsearch,nonbrand,1,1,49.99
33096,30189,control,70711,"2012-10-12 17:35:21",desktop,0,bsearch,nonbrand,1,1,49.99
33102,30193,treatment,70721,"2012-10-12 17:51:25",desktop,0,bsearch,nonbrand,1,1,49.99
33106,30197,control,70746,"2012-10-12 18:37:21",desktop,0,gsearch,nonbrand,1,1,49.99
33108,25319,treatment,70748,"2012-10-12 18:39:26",mobile,1,gsearch,brand,1,1,49.99
33118,30207,treatment,70769,"2012-10-12 19:19:24",desktop,0,gsearch,nonbrand,1,1,49.99
33133,30222,treatment,70798,"2012-10-12 21:56:50",desktop,0,gsearch,nonbrand,1,1,49.99
33144,30229,control,70818,"2012-10-13 00:08:16",desktop,0,gsearch,brand,0,0,0.00
33150,30235,treatment,70838,"2012-10-13 01:01:49",desktop,0,gsearch,nonbrand,0,0,0.00
33157,30241,treatment,70856,"2012-10-13 03:46:59",desktop,0,bsearch,nonbrand,0,0,0.00
33175,24475,control,70902,"2012-10-13 09:18:41",desktop,1,NULL,NULL,1,1,49.99
33185,30266,control,70935,"2012-10-13 11:19:37",desktop,0,NULL,NULL,0,0,0.00
33187,30268,control,70943,"2012-10-13 11:35:49",desktop,0,gsearch,nonbrand,1,1,49.99
33189,30270,treatment,70950,"2012-10-13 12:13:06",desktop,0,gsearch,nonbrand,1,1,49.99
33190,30271,treatment,70960,"2012-10-13 12:50:25",desktop,0,gsearch,nonbrand,1,1,49.99
33224,30300,treatment,71026,"2012-10-13 17:53:39",mobile,0,gsearch,nonbrand,1,1,49.99
33239,30313,control,71061,"2012-10-13 20:33:23",desktop,0,gsearch,nonbrand,0,0,0.00
33240,30314,treatment,71063,"2012-10-13 20:35:08",desktop,0,bsearch,nonbrand,0,0,0.00
33243,30316,control,71070,"2012-10-13 21:03:22",desktop,0,gsearch,nonbrand,0,0,0.00
33315,30380,treatment,71203,"2012-10-14 11:22:49",mobile,0,bsearch,nonbrand,0,0,0.00
33324,30388,control,71229,"2012-10-14 12:45:24",desktop,0,bsearch,nonbrand,1,1,49.99
33330,30394,treatment,71242,"2012-10-14 13:21:44",mobile,0,gsearch,nonbrand,1,1,49.99
33332,30396,control,71253,"2012-10-14 13:50:17",desktop,0,gsearch,nonbrand,0,0,0.00
33340,30403,control,71276,"2012-10-14 14:45:49",desktop,0,gsearch,nonbrand,0,0,0.00
33345,30408,treatment,71284,"2012-10-14 14:59:53",desktop,0,gsearch,nonbrand,0,0,0.00
33358,30421,treatment,71310,"2012-10-14 16:22:03",desktop,0,bsearch,nonbrand,1,1,49.99
33394,30451,control,71374,"2012-10-14 20:51:53",desktop,0,bsearch,nonbrand,1,1,49.99
33395,30452,treatment,71386,"2012-10-14 21:09:17",desktop,0,gsearch,nonbrand,0,0,0.00
33405,30461,control,71411,"2012-10-14 21:50:20",desktop,0,bsearch,nonbrand,1,1,49.99
33404,25287,control,71414,"2012-10-14 21:52:46",desktop,1,NULL,NULL,0,0,0.00
33414,30468,treatment,71433,"2012-10-14 23:09:46",desktop,0,gsearch,nonbrand,1,1,49.99
33438,30490,control,71480,"2012-10-15 01:38:25",desktop,0,NULL,NULL,0,0,0.00
33443,30495,treatment,71498,"2012-10-15 02:44:53",desktop,0,gsearch,nonbrand,1,1,49.99
33460,30508,control,71534,"2012-10-15 05:29:46",desktop,0,gsearch,nonbrand,1,1,49.99
33495,30540,treatment,71610,"2012-10-15 09:15:55",desktop,0,gsearch,nonbrand,1,1,49.99
33494,30539,control,71612,"2012-10-15 09:17:02",desktop,0,gsearch,nonbrand,1,1,49.99
33527,30570,control,71684,"2012-10-15 10:56:13",mobile,0,gsearch,nonbrand,0,0,0.00
33538,30581,treatment,71706,"2012-10-15 11:39:15",mobile,0,gsearch,nonbrand,0,0,0.00
33545,30587,treatment,71722,"2012-10-15 11:58:24",desktop,0,gsearch,nonbrand,1,1,49.99
33548,30590,control,71735,"2012-10-15 12:08:42",desktop,0,gsearch,nonbrand,1,1,49.99
33560,30601,treatment,71765,"2012-10-15 12:37:29",desktop,0,NULL,NULL,1,1,49.99
33591,30630,control,71839,"2012-10-15 14:21:59",desktop,0,gsearch,nonbrand,1,1,49.99
33595,30633,treatment,71846,"2012-10-15 14:31:39",mobile,0,gsearch,nonbrand,0,0,0.00
33599,30081,treatment,71857,"2012-10-15 14:45:56",desktop,1,gsearch,brand,1,1,49.99
33603,29031,treatment,71871,"2012-10-15 14:58:03",desktop,1,NULL,NULL,1,1,49.99
33618,30652,control,71903,"2012-10-15 15:29:16",desktop,0,gsearch,nonbrand,1,1,49.99
33621,30654,control,71915,"2012-10-15 15:39:06",desktop,0,gsearch,nonbrand,0,0,0.00
33633,30665,control,71944,"2012-10-15 16:03:58",desktop,0,NULL,NULL,1,1,49.99
33678,30707,treatment,72026,"2012-10-15 18:17:59",desktop,0,gsearch,nonbrand,0,0,0.00
33690,20868,treatment,72049,"2012-10-15 18:59:09",mobile,1,NULL,NULL,0,0,0.00
33694,30722,control,72060,"2012-10-15 19:10:38",desktop,0,bsearch,nonbrand,0,0,0.00
33705,30732,control,72084,"2012-10-15 19:42:15",desktop,0,gsearch,nonbrand,0,0,0.00
33722,27706,treatment,72124,"2012-10-15 21:27:38",desktop,1,gsearch,brand,1,1,49.99
33750,30768,treatment,72183,"2012-10-16 00:22:11",desktop,0,gsearch,nonbrand,1,1,49.99
33762,30779,control,72210,"2012-10-16 01:43:04",desktop,0,bsearch,nonbrand,1,1,49.99
33767,30783,control,72225,"2012-10-16 02:23:04",mobile,0,bsearch,nonbrand,1,1,49.99
33784,30799,control,72267,"2012-10-16 05:22:24",desktop,0,gsearch,nonbrand,0,0,0.00
33787,29602,treatment,72278,"2012-10-16 05:45:36",desktop,1,NULL,NULL,1,1,49.99
33802,30816,treatment,72319,"2012-10-16 08:37:58",desktop,0,bsearch,nonbrand,1,1,49.99
33820,30832,control,72349,"2012-10-16 10:08:36",desktop,0,gsearch,nonbrand,1,1,49.99
33828,30837,treatment,72373,"2012-10-16 10:52:49",desktop,0,bsearch,nonbrand,1,1,49.99
33839,30848,control,72405,"2012-10-16 11:28:12",desktop,0,gsearch,nonbrand,0,0,0.00
33842,30850,control,72411,"2012-10-16 11:31:20",desktop,0,gsearch,brand,1,1,49.99
33851,30858,control,72440,"2012-10-16 11:45:37",desktop,0,gsearch,nonbrand,1,1,49.99
33860,30865,control,72457,"2012-10-16 11:58:18",desktop,0,gsearch,nonbrand,1,1,49.99
33884,30887,treatment,72499,"2012-10-16 12:49:07",desktop,0,gsearch,nonbrand,1,1,49.99
33903,30904,treatment,72550,"2012-10-16 13:59:47",mobile,0,gsearch,nonbrand,1,1,49.99
33959,30954,treatment,72664,"2012-10-16 16:49:20",desktop,0,gsearch,nonbrand,1,1,49.99
33962,30957,control,72671,"2012-10-16 16:54:41",desktop,0,bsearch,nonbrand,1,1,49.99
33969,30962,treatment,72685,"2012-10-16 17:07:58",desktop,0,gsearch,nonbrand,0,0,0.00
33978,30969,treatment,72706,"2012-10-16 17:36:41",desktop,0,NULL,NULL,0,0,0.00
34003,30992,control,72756,"2012-10-16 19:18:23",desktop,0,gsearch,nonbrand,0,0,0.00
34026,31014,treatment,72805,"2012-10-16 21:46:13",desktop,0,gsearch,nonbrand,0,0,0.00
34031,31019,treatment,72813,"2012-10-16 21:53:23",desktop,0,gsearch,nonbrand,1,1,49.99
34042,20780,control,72844,"2012-10-16 23:52:17",mobile,1,NULL,NULL,1,1,49.99
34058,31042,control,72876,"2012-10-17 02:22:46",desktop,0,bsearch,nonbrand,0,0,0.00
34059,31043,control,72879,"2012-10-17 02:26:03",desktop,0,gsearch,nonbrand,1,1,49.99
34071,31054,treatment,72913,"2012-10-17 04:33:12",desktop,0,gsearch,nonbrand,1,1,49.99
34086,31067,treatment,72950,"2012-10-17 07:19:00",desktop,0,gsearch,nonbrand,1,1,49.99
34110,31091,control,73005,"2012-10-17 09:30:18",desktop,0,gsearch,nonbrand,1,1,49.99
34120,31101,treatment,73029,"2012-10-17 09:59:43",desktop,0,gsearch,nonbrand,1,1,49.99
34125,31106,control,73045,"2012-10-17 10:21:59",desktop,0,gsearch,nonbrand,0,0,0.00
34150,31128,control,73094,"2012-10-17 11:47:12",desktop,0,gsearch,nonbrand,0,0,0.00
34167,31144,control,73131,"2012-10-17 12:41:50",desktop,0,bsearch,nonbrand,1,1,49.99
34166,31143,control,73144,"2012-10-17 12:49:53",desktop,0,gsearch,nonbrand,0,0,0.00
34179,31155,control,73177,"2012-10-17 13:12:06",mobile,0,gsearch,nonbrand,0,0,0.00
34183,31158,control,73183,"2012-10-17 13:17:57",desktop,0,bsearch,nonbrand,1,1,49.99
34193,31168,control,73209,"2012-10-17 13:49:23",desktop,0,bsearch,nonbrand,1,1,49.99
34197,20603,treatment,73223,"2012-10-17 14:01:49",desktop,1,NULL,NULL,0,0,0.00
34214,31183,control,73258,"2012-10-17 14:53:53",desktop,0,gsearch,nonbrand,0,0,0.00
34232,31199,treatment,73293,"2012-10-17 15:17:25",desktop,0,gsearch,nonbrand,0,0,0.00
34249,27738,control,73329,"2012-10-17 16:07:06",mobile,1,NULL,NULL,1,1,49.99
34271,31234,treatment,73372,"2012-10-17 17:02:30",desktop,0,gsearch,nonbrand,1,1,49.99
34273,16239,treatment,73377,"2012-10-17 17:07:07",desktop,1,gsearch,brand,0,0,0.00
34287,31246,treatment,73405,"2012-10-17 17:52:11",desktop,0,gsearch,nonbrand,0,0,0.00
34302,31260,treatment,73447,"2012-10-17 18:56:28",desktop,0,gsearch,nonbrand,1,1,49.99
34317,31274,treatment,73477,"2012-10-17 19:38:53",desktop,0,gsearch,nonbrand,1,1,49.99
34322,31279,control,73498,"2012-10-17 19:53:33",desktop,0,bsearch,nonbrand,1,1,49.99
34324,31281,control,73499,"2012-10-17 19:53:51",desktop,0,bsearch,nonbrand,1,1,49.99
34321,31278,control,73500,"2012-10-17 19:54:29",desktop,0,gsearch,nonbrand,0,0,0.00
34338,19569,treatment,73528,"2012-10-17 20:31:11",desktop,1,NULL,NULL,0,0,0.00
34341,31294,treatment,73537,"2012-10-17 20:59:44",desktop,0,bsearch,nonbrand,1,1,49.99
34348,31300,treatment,73565,"2012-10-17 21:32:35",desktop,0,bsearch,nonbrand,1,1,49.99
34356,27217,control,73586,"2012-10-17 22:03:06",desktop,1,NULL,NULL,0,0,0.00
34380,31327,control,73633,"2012-10-18 00:14:10",desktop,0,gsearch,nonbrand,0,0,0.00
34396,31341,treatment,73670,"2012-10-18 02:01:27",desktop,0,gsearch,nonbrand,0,0,0.00
34404,31349,control,73684,"2012-10-18 02:29:00",mobile,0,gsearch,nonbrand,1,1,49.99
34408,31353,treatment,73695,"2012-10-18 02:49:56",desktop,0,gsearch,nonbrand,0,0,0.00
34424,31368,control,73730,"2012-10-18 06:27:44",desktop,0,bsearch,nonbrand,0,0,0.00
34425,23939,treatment,73735,"2012-10-18 06:34:34",mobile,1,gsearch,brand,1,1,49.99
34431,31373,treatment,73762,"2012-10-18 07:17:43",desktop,0,bsearch,nonbrand,1,1,49.99
34439,31380,treatment,73773,"2012-10-18 07:42:06",desktop,0,gsearch,nonbrand,1,1,49.99
34446,19657,treatment,73791,"2012-10-18 08:11:04",desktop,1,NULL,NULL,0,0,0.00
34463,31403,control,73835,"2012-10-18 09:12:24",desktop,0,gsearch,nonbrand,1,1,49.99
34464,31404,treatment,73836,"2012-10-18 09:12:47",desktop,0,gsearch,nonbrand,1,1,49.99
34479,18339,treatment,73867,"2012-10-18 10:07:30",mobile,1,NULL,NULL,1,1,49.99
34483,31421,control,73876,"2012-10-18 10:18:14",desktop,0,gsearch,nonbrand,1,1,49.99
34500,31438,treatment,73910,"2012-10-18 11:03:07",desktop,0,gsearch,nonbrand,1,1,49.99
34508,31446,treatment,73933,"2012-10-18 11:28:01",desktop,0,bsearch,nonbrand,0,0,0.00
34521,31459,treatment,73959,"2012-10-18 12:06:19",desktop,0,bsearch,nonbrand,1,1,49.99
34522,31460,control,73961,"2012-10-18 12:07:36",desktop,0,gsearch,nonbrand,0,0,0.00
34527,31464,control,73976,"2012-10-18 12:16:12",desktop,0,gsearch,nonbrand,0,0,0.00
34536,31473,treatment,73999,"2012-10-18 12:37:08",desktop,0,gsearch,nonbrand,0,0,0.00
34566,31502,treatment,74060,"2012-10-18 13:30:46",desktop,0,gsearch,nonbrand,1,1,49.99
34568,31504,treatment,74073,"2012-10-18 13:34:04",desktop,0,bsearch,nonbrand,0,0,0.00
34567,31503,treatment,74076,"2012-10-18 13:35:00",desktop,0,gsearch,nonbrand,1,1,49.99
34574,14289,control,74082,"2012-10-18 13:37:49",desktop,1,gsearch,brand,1,1,49.99
34593,31527,control,74116,"2012-10-18 14:28:34",desktop,0,NULL,NULL,0,0,0.00
34605,31539,treatment,74136,"2012-10-18 14:57:36",desktop,0,gsearch,nonbrand,1,1,49.99
34612,31546,control,74153,"2012-10-18 15:23:20",desktop,0,bsearch,nonbrand,0,0,0.00
34657,31589,control,74227,"2012-10-18 17:03:32",mobile,0,gsearch,nonbrand,0,0,0.00
34662,31594,control,74247,"2012-10-18 17:19:56",desktop,0,gsearch,nonbrand,0,0,0.00
34663,31595,control,74248,"2012-10-18 17:21:48",desktop,0,bsearch,nonbrand,1,1,49.99
34680,25930,treatment,74285,"2012-10-18 18:37:50",mobile,1,NULL,NULL,0,0,0.00
34692,31623,control,74306,"2012-10-18 19:24:43",desktop,0,gsearch,nonbrand,0,0,0.00
34707,31636,treatment,74347,"2012-10-18 20:34:20",desktop,0,gsearch,nonbrand,1,1,49.99
34710,31639,control,74350,"2012-10-18 20:37:09",desktop,0,gsearch,nonbrand,1,1,49.99
34715,31644,control,74367,"2012-10-18 21:04:47",desktop,0,gsearch,nonbrand,1,1,49.99
34718,31647,control,74380,"2012-10-18 21:22:00",desktop,0,gsearch,nonbrand,1,1,49.99
34724,31653,control,74391,"2012-10-18 21:42:33",desktop,0,gsearch,nonbrand,1,1,49.99
34727,31656,control,74415,"2012-10-18 22:02:10",mobile,0,gsearch,brand,0,0,0.00
34751,31680,treatment,74461,"2012-10-18 23:39:51",desktop,0,gsearch,nonbrand,1,1,49.99
34754,31683,treatment,74467,"2012-10-18 23:52:59",desktop,0,gsearch,nonbrand,1,1,49.99
34772,31700,control,74505,"2012-10-19 01:52:05",desktop,0,gsearch,nonbrand,0,0,0.00
34784,25574,control,74533,"2012-10-19 03:55:05",desktop,1,NULL,NULL,0,0,0.00
34814,31737,control,74587,"2012-10-19 08:17:17",mobile,0,gsearch,nonbrand,0,0,0.00
34817,31740,control,74600,"2012-10-19 08:44:50",desktop,0,gsearch,nonbrand,1,1,49.99
34819,31742,treatment,74605,"2012-10-19 08:50:54",desktop,0,bsearch,nonbrand,1,1,49.99
34833,31755,control,74639,"2012-10-19 09:38:19",mobile,0,gsearch,nonbrand,0,0,0.00
34848,31769,control,74668,"2012-10-19 10:34:58",mobile,0,gsearch,nonbrand,1,1,49.99
34862,31782,control,74711,"2012-10-19 11:21:21",desktop,0,bsearch,nonbrand,0,0,0.00
34868,31785,treatment,74725,"2012-10-19 11:34:14",desktop,0,gsearch,nonbrand,1,1,49.99
34876,31793,treatment,74738,"2012-10-19 12:01:18",desktop,0,gsearch,nonbrand,1,1,49.99
34889,31805,treatment,74765,"2012-10-19 12:43:15",desktop,0,gsearch,nonbrand,1,1,49.99
34897,31813,control,74783,"2012-10-19 13:01:22",desktop,0,gsearch,brand,0,0,0.00
34905,31820,control,74793,"2012-10-19 13:17:58",desktop,0,gsearch,nonbrand,0,0,0.00
34906,31821,treatment,74802,"2012-10-19 13:30:10",desktop,0,bsearch,nonbrand,1,1,49.99
34928,31842,treatment,74848,"2012-10-19 14:23:37",desktop,0,NULL,NULL,1,1,49.99
34932,31846,treatment,74869,"2012-10-19 14:34:53",desktop,0,gsearch,nonbrand,1,1,49.99
34936,31849,control,74871,"2012-10-19 14:37:23",desktop,0,gsearch,nonbrand,0,0,0.00
34937,31850,control,74878,"2012-10-19 14:46:05",desktop,0,bsearch,nonbrand,1,1,49.99
34944,23084,treatment,74902,"2012-10-19 15:14:22",desktop,1,NULL,NULL,1,1,49.99
34953,31864,treatment,74922,"2012-10-19 15:31:02",desktop,0,gsearch,nonbrand,0,0,0.00
34961,31872,control,74938,"2012-10-19 15:52:52",desktop,0,gsearch,nonbrand,1,1,49.99
34972,31882,control,74956,"2012-10-19 16:15:28",desktop,0,gsearch,nonbrand,0,0,0.00
34976,31886,treatment,74973,"2012-10-19 16:28:24",desktop,0,gsearch,nonbrand,1,1,49.99
34998,31907,treatment,75025,"2012-10-19 17:06:14",desktop,0,gsearch,nonbrand,1,1,49.99
35000,31908,treatment,75029,"2012-10-19 17:09:24",desktop,0,gsearch,nonbrand,1,1,49.99
35015,31922,treatment,75061,"2012-10-19 18:24:38",desktop,0,gsearch,nonbrand,1,1,49.99
35020,31927,control,75078,"2012-10-19 18:49:04",desktop,0,NULL,NULL,0,0,0.00
35056,31962,control,75140,"2012-10-19 22:06:07",desktop,0,NULL,NULL,0,0,0.00
35063,31968,treatment,75155,"2012-10-19 22:44:47",desktop,0,gsearch,nonbrand,0,0,0.00
35100,32003,treatment,75226,"2012-10-20 06:57:47",desktop,0,bsearch,nonbrand,0,0,0.00
35106,32009,control,75245,"2012-10-20 09:14:54",desktop,0,bsearch,nonbrand,1,1,49.99
35112,32014,treatment,75257,"2012-10-20 09:58:48",desktop,0,gsearch,nonbrand,1,1,49.99
35115,32017,control,75268,"2012-10-20 10:16:50",desktop,0,gsearch,nonbrand,0,0,0.00
35143,32042,control,75328,"2012-10-20 14:24:56",desktop,0,bsearch,nonbrand,1,1,49.99
35180,32076,treatment,75401,"2012-10-20 18:01:35",mobile,0,gsearch,nonbrand,1,1,49.99
35184,32080,control,75413,"2012-10-20 19:25:38",desktop,0,bsearch,nonbrand,0,0,0.00
35210,32104,control,75467,"2012-10-20 22:57:57",desktop,0,bsearch,brand,0,0,0.00
35228,22110,treatment,75506,"2012-10-21 01:56:02",desktop,1,gsearch,brand,1,1,49.99
35247,32138,treatment,75542,"2012-10-21 07:47:27",desktop,0,gsearch,nonbrand,0,0,0.00
35257,32148,treatment,75567,"2012-10-21 09:38:14",desktop,0,gsearch,nonbrand,0,0,0.00
35261,30469,control,75582,"2012-10-21 10:33:45",mobile,1,NULL,NULL,0,0,0.00
35274,29394,control,75610,"2012-10-21 12:15:27",mobile,1,NULL,NULL,0,0,0.00
35285,32174,control,75637,"2012-10-21 13:39:02",desktop,0,bsearch,nonbrand,1,1,49.99
35295,32182,treatment,75657,"2012-10-21 15:23:18",desktop,0,gsearch,nonbrand,1,1,49.99
35308,32192,control,75690,"2012-10-21 17:42:35",desktop,0,gsearch,nonbrand,1,1,49.99
35309,32193,control,75700,"2012-10-21 18:08:39",desktop,0,bsearch,nonbrand,0,0,0.00
35311,32195,treatment,75706,"2012-10-21 18:15:58",desktop,0,gsearch,nonbrand,1,1,49.99
35317,32201,treatment,75733,"2012-10-21 19:23:07",desktop,0,gsearch,nonbrand,1,1,49.99
35327,32211,control,75762,"2012-10-21 20:44:05",desktop,0,gsearch,nonbrand,1,1,49.99
35329,32212,treatment,75772,"2012-10-21 20:57:11",desktop,0,gsearch,nonbrand,1,1,49.99
35330,32213,treatment,75777,"2012-10-21 21:03:18",desktop,0,bsearch,nonbrand,0,0,0.00
35332,32215,treatment,75784,"2012-10-21 21:15:27",desktop,0,gsearch,nonbrand,1,1,49.99
35341,32222,control,75805,"2012-10-21 22:15:38",desktop,0,gsearch,nonbrand,0,0,0.00
35343,32224,treatment,75813,"2012-10-21 22:25:36",desktop,0,gsearch,nonbrand,0,0,0.00
35348,32229,control,75823,"2012-10-21 22:36:02",desktop,0,gsearch,nonbrand,0,0,0.00
35368,21997,control,75863,"2012-10-22 00:35:45",desktop,1,NULL,NULL,0,0,0.00
35376,32253,treatment,75878,"2012-10-22 01:55:33",desktop,0,gsearch,nonbrand,0,0,0.00
35381,32257,control,75891,"2012-10-22 02:38:08",desktop,0,bsearch,nonbrand,1,1,49.99
35386,32262,treatment,75903,"2012-10-22 03:08:03",desktop,0,gsearch,nonbrand,0,0,0.00
35396,32272,treatment,75925,"2012-10-22 04:42:51",desktop,0,gsearch,nonbrand,1,1,49.99
35406,32282,treatment,75947,"2012-10-22 06:07:08",desktop,0,gsearch,nonbrand,0,0,0.00
35407,32283,control,75953,"2012-10-22 06:26:24",desktop,0,gsearch,nonbrand,1,1,49.99
35411,32286,control,75968,"2012-10-22 07:36:32",desktop,0,bsearch,nonbrand,1,1,49.99
35428,32301,control,76005,"2012-10-22 08:56:35",desktop,0,gsearch,nonbrand,1,1,49.99
35442,32313,treatment,76047,"2012-10-22 09:42:04",desktop,0,gsearch,nonbrand,1,1,49.99
35513,32374,control,76184,"2012-10-22 13:09:21",desktop,0,bsearch,nonbrand,0,0,0.00
35523,29902,control,76197,"2012-10-22 13:33:14",desktop,1,NULL,NULL,1,1,49.99
35527,32387,treatment,76219,"2012-10-22 13:52:06",desktop,0,gsearch,nonbrand,0,0,0.00
35533,32392,treatment,76231,"2012-10-22 14:02:29",desktop,0,bsearch,nonbrand,1,1,49.99
35538,32396,treatment,76245,"2012-10-22 14:18:32",desktop,0,gsearch,nonbrand,0,0,0.00
35541,32399,control,76250,"2012-10-22 14:24:57",desktop,0,bsearch,nonbrand,1,1,49.99
35561,21149,control,76288,"2012-10-22 15:30:54",desktop,1,NULL,NULL,0,0,0.00
35565,32419,treatment,76305,"2012-10-22 15:45:24",desktop,0,gsearch,nonbrand,1,1,49.99
35587,32440,treatment,76351,"2012-10-22 16:33:43",desktop,0,gsearch,nonbrand,0,0,0.00
35596,32449,control,76368,"2012-10-22 17:11:14",mobile,0,gsearch,nonbrand,0,0,0.00
35603,32456,control,76385,"2012-10-22 17:40:58",desktop,0,gsearch,nonbrand,0,0,0.00
35640,32489,treatment,76449,"2012-10-22 20:25:31",desktop,0,gsearch,nonbrand,0,0,0.00
35644,32493,control,76469,"2012-10-22 20:45:11",desktop,0,bsearch,nonbrand,1,1,49.99
35645,32494,control,76470,"2012-10-22 20:46:20",desktop,0,gsearch,nonbrand,1,1,49.99
35663,32510,treatment,76503,"2012-10-22 22:49:05",mobile,0,gsearch,nonbrand,0,0,0.00
35676,24440,control,76530,"2012-10-22 23:48:00",desktop,1,NULL,NULL,0,0,0.00
35691,32534,treatment,76559,"2012-10-23 01:27:28",desktop,0,gsearch,nonbrand,0,0,0.00
35706,32549,control,76581,"2012-10-23 03:53:51",desktop,0,gsearch,nonbrand,1,1,49.99
35717,18179,control,76606,"2012-10-23 05:25:43",desktop,1,NULL,NULL,1,1,49.99
35726,23318,control,76630,"2012-10-23 06:14:13",desktop,1,NULL,NULL,0,0,0.00
35733,32572,treatment,76649,"2012-10-23 07:29:52",desktop,0,gsearch,nonbrand,1,1,49.99
35735,32573,control,76660,"2012-10-23 08:04:38",desktop,0,gsearch,nonbrand,1,1,49.99
35743,32581,treatment,76681,"2012-10-23 08:38:38",desktop,0,bsearch,nonbrand,0,0,0.00
35753,31475,treatment,76709,"2012-10-23 09:24:40",desktop,1,NULL,NULL,1,1,49.99
35763,32600,control,76735,"2012-10-23 10:06:28",desktop,0,gsearch,nonbrand,0,0,0.00
35768,32605,control,76752,"2012-10-23 10:18:56",mobile,0,gsearch,nonbrand,0,0,0.00
35766,32603,control,76755,"2012-10-23 10:19:58",desktop,0,bsearch,brand,0,0,0.00
35793,32626,treatment,76803,"2012-10-23 11:44:32",desktop,0,gsearch,nonbrand,1,1,49.99
35799,32631,treatment,76824,"2012-10-23 12:19:21",desktop,0,bsearch,nonbrand,1,1,49.99
35824,32652,control,76882,"2012-10-23 12:59:03",desktop,0,gsearch,nonbrand,0,0,0.00
35847,32670,treatment,76935,"2012-10-23 14:00:33",desktop,0,bsearch,nonbrand,1,1,49.99
35856,32677,treatment,76956,"2012-10-23 14:19:19",desktop,0,bsearch,nonbrand,1,1,49.99
35887,32707,treatment,77023,"2012-10-23 15:53:22",desktop,0,gsearch,nonbrand,0,0,0.00
35886,32706,control,77026,"2012-10-23 15:56:01",desktop,0,NULL,NULL,0,0,0.00
35894,32714,control,77053,"2012-10-23 16:31:09",desktop,0,gsearch,nonbrand,1,1,49.99
35915,32733,treatment,77088,"2012-10-23 17:03:08",desktop,0,gsearch,nonbrand,1,1,49.99
35918,32736,treatment,77098,"2012-10-23 17:12:11",desktop,0,gsearch,nonbrand,0,0,0.00
35924,32742,treatment,77101,"2012-10-23 17:17:22",mobile,0,gsearch,nonbrand,0,0,0.00
35929,32747,treatment,77114,"2012-10-23 17:38:27",desktop,0,bsearch,nonbrand,0,0,0.00
35938,32755,treatment,77137,"2012-10-23 18:09:22",desktop,0,gsearch,nonbrand,1,1,49.99
35945,32761,treatment,77153,"2012-10-23 18:30:28",desktop,0,gsearch,brand,1,1,49.99
35986,30130,treatment,77225,"2012-10-23 21:14:38",desktop,1,NULL,NULL,1,1,49.99
35993,19973,control,77246,"2012-10-23 21:44:20",desktop,1,NULL,NULL,0,0,0.00
35995,32804,treatment,77248,"2012-10-23 21:46:48",desktop,0,gsearch,nonbrand,1,1,49.99
35998,29566,treatment,77262,"2012-10-23 22:18:06",desktop,1,NULL,NULL,1,1,49.99
36000,32808,control,77269,"2012-10-23 22:24:02",mobile,0,gsearch,nonbrand,0,0,0.00
36007,32814,treatment,77289,"2012-10-23 22:45:35",desktop,0,bsearch,nonbrand,1,1,49.99
36065,32870,treatment,77399,"2012-10-24 06:33:38",desktop,0,gsearch,nonbrand,1,1,49.99
36082,32887,treatment,77434,"2012-10-24 08:45:10",desktop,0,gsearch,nonbrand,0,0,0.00
36088,32892,treatment,77448,"2012-10-24 09:01:15",desktop,0,bsearch,nonbrand,1,1,49.99
36098,32902,control,77473,"2012-10-24 09:37:23",desktop,0,gsearch,nonbrand,1,1,49.99
36101,32904,control,77485,"2012-10-24 09:46:31",desktop,0,gsearch,nonbrand,1,1,49.99
36125,32927,treatment,77539,"2012-10-24 10:30:25",desktop,0,gsearch,nonbrand,1,1,49.99
36134,32934,treatment,77558,"2012-10-24 10:47:50",mobile,0,gsearch,nonbrand,0,0,0.00
36137,32937,treatment,77566,"2012-10-24 10:52:41",desktop,0,NULL,NULL,1,1,49.99
36139,32939,treatment,77577,"2012-10-24 11:02:12",desktop,0,NULL,NULL,0,0,0.00
36150,32949,treatment,77595,"2012-10-24 11:22:33",desktop,0,gsearch,nonbrand,1,1,49.99
36160,26097,control,77622,"2012-10-24 11:44:46",desktop,1,gsearch,brand,0,0,0.00
36165,32962,treatment,77634,"2012-10-24 11:53:44",desktop,0,gsearch,nonbrand,0,0,0.00
36217,33012,treatment,77738,"2012-10-24 13:43:09",mobile,0,gsearch,nonbrand,1,1,49.99
36216,33011,treatment,77739,"2012-10-24 13:43:24",mobile,0,gsearch,nonbrand,0,0,0.00
36226,20291,treatment,77773,"2012-10-24 14:07:34",desktop,1,NULL,NULL,0,0,0.00
36239,33031,treatment,77792,"2012-10-24 14:31:40",desktop,0,gsearch,nonbrand,1,1,49.99
36252,33043,treatment,77818,"2012-10-24 14:46:57",desktop,0,gsearch,nonbrand,1,1,49.99
36248,33039,control,77824,"2012-10-24 14:51:15",mobile,0,gsearch,nonbrand,0,0,0.00
36267,33058,control,77854,"2012-10-24 15:28:51",desktop,0,bsearch,nonbrand,0,0,0.00
36273,33064,control,77871,"2012-10-24 15:44:40",desktop,0,gsearch,nonbrand,1,1,49.99
36281,33070,treatment,77893,"2012-10-24 16:01:12",desktop,0,bsearch,nonbrand,0,0,0.00
36303,33090,treatment,77942,"2012-10-24 16:51:52",desktop,0,bsearch,nonbrand,0,0,0.00
36318,33104,control,77984,"2012-10-24 17:43:20",desktop,0,gsearch,nonbrand,1,1,49.99
36332,33116,treatment,78023,"2012-10-24 18:20:54",mobile,0,gsearch,nonbrand,0,0,0.00
36333,33117,treatment,78024,"2012-10-24 18:21:05",desktop,0,NULL,NULL,1,1,49.99
36356,33137,treatment,78066,"2012-10-24 20:12:17",desktop,0,gsearch,nonbrand,0,0,0.00
36379,33160,treatment,78116,"2012-10-24 21:26:47",desktop,0,gsearch,nonbrand,1,1,49.99
36389,33170,treatment,78142,"2012-10-24 22:05:47",desktop,0,bsearch,nonbrand,1,1,49.99
36388,33169,control,78144,"2012-10-24 22:07:06",desktop,0,gsearch,nonbrand,1,1,49.99
36396,33175,control,78168,"2012-10-24 22:50:40",desktop,0,gsearch,nonbrand,1,1,49.99
36415,33192,treatment,78201,"2012-10-25 00:15:13",desktop,0,gsearch,nonbrand,1,1,49.99
36434,33209,control,78245,"2012-10-25 02:52:11",desktop,0,gsearch,nonbrand,0,0,0.00
36438,33212,treatment,78255,"2012-10-25 03:23:49",desktop,0,NULL,NULL,0,0,0.00
36441,33215,control,78264,"2012-10-25 03:38:50",desktop,0,gsearch,nonbrand,0,0,0.00
36446,21920,control,78280,"2012-10-25 05:33:35",mobile,1,NULL,NULL,0,0,0.00
36453,33224,control,78307,"2012-10-25 07:13:34",desktop,0,gsearch,nonbrand,1,1,49.99
36456,33226,control,78308,"2012-10-25 07:14:03",desktop,0,gsearch,nonbrand,1,1,49.99
36460,33230,treatment,78321,"2012-10-25 07:23:59",desktop,0,gsearch,nonbrand,1,1,49.99
36464,33233,treatment,78332,"2012-10-25 07:46:05",desktop,0,gsearch,nonbrand,0,0,0.00
36481,33250,treatment,78366,"2012-10-25 08:34:48",desktop,0,gsearch,nonbrand,1,1,49.99
36497,33263,control,78400,"2012-10-25 09:20:24",mobile,0,NULL,NULL,0,0,0.00
36503,33267,control,78410,"2012-10-25 09:39:31",desktop,0,gsearch,nonbrand,0,0,0.00
36524,33286,control,78470,"2012-10-25 10:39:41",desktop,0,gsearch,nonbrand,1,1,49.99
36546,33307,treatment,78506,"2012-10-25 11:40:31",desktop,0,bsearch,nonbrand,1,1,49.99
36568,33325,control,78548,"2012-10-25 12:34:33",desktop,0,gsearch,nonbrand,0,0,0.00
36580,33335,treatment,78580,"2012-10-25 13:07:11",desktop,0,gsearch,nonbrand,1,1,49.99
36604,33358,control,78628,"2012-10-25 14:01:51",desktop,0,bsearch,nonbrand,0,0,0.00
36605,33359,control,78631,"2012-10-25 14:03:07",desktop,0,gsearch,nonbrand,1,1,49.99
36609,33363,control,78641,"2012-10-25 14:16:51",desktop,0,gsearch,nonbrand,1,1,49.99
36676,33425,control,78772,"2012-10-25 16:50:06",desktop,0,gsearch,nonbrand,1,1,49.99
36703,15346,control,78821,"2012-10-25 17:47:17",desktop,1,NULL,NULL,0,0,0.00
36716,33460,treatment,78861,"2012-10-25 18:35:18",mobile,0,gsearch,brand,0,0,0.00
36714,33458,control,78864,"2012-10-25 18:37:59",mobile,0,gsearch,nonbrand,1,1,49.99
36724,33466,treatment,78888,"2012-10-25 18:59:16",desktop,0,gsearch,nonbrand,1,1,49.99
36736,33477,control,78925,"2012-10-25 19:42:50",mobile,0,gsearch,nonbrand,0,0,0.00
36735,33476,control,78926,"2012-10-25 19:42:53",desktop,0,gsearch,nonbrand,1,1,49.99
36755,30305,treatment,78967,"2012-10-25 20:56:52",desktop,1,bsearch,brand,1,1,49.99
36761,33498,control,78983,"2012-10-25 21:28:04",desktop,0,gsearch,nonbrand,0,0,0.00
36806,33535,control,79059,"2012-10-26 03:59:37",desktop,0,bsearch,nonbrand,0,0,0.00
36823,33551,treatment,79105,"2012-10-26 07:26:44",desktop,0,NULL,NULL,1,1,49.99
36843,33569,control,79146,"2012-10-26 09:18:37",desktop,0,gsearch,nonbrand,1,1,49.99
36854,33579,control,79179,"2012-10-26 10:13:15",desktop,0,gsearch,nonbrand,0,0,0.00
36858,33583,control,79187,"2012-10-26 10:19:22",desktop,0,gsearch,nonbrand,0,0,0.00
36872,33596,treatment,79215,"2012-10-26 10:59:17",desktop,0,gsearch,nonbrand,0,0,0.00
36875,33599,control,79228,"2012-10-26 11:09:04",desktop,0,gsearch,nonbrand,0,0,0.00
36886,33610,control,79251,"2012-10-26 11:38:18",desktop,0,gsearch,nonbrand,0,0,0.00
36887,33611,treatment,79255,"2012-10-26 11:39:14",mobile,0,gsearch,nonbrand,1,1,49.99
36891,33615,control,79261,"2012-10-26 11:46:39",desktop,0,bsearch,nonbrand,0,0,0.00
36899,33623,control,79290,"2012-10-26 12:08:32",desktop,0,NULL,NULL,1,1,49.99
36908,33631,treatment,79307,"2012-10-26 12:23:57",desktop,0,gsearch,nonbrand,1,1,49.99
36917,25334,treatment,79328,"2012-10-26 12:36:11",mobile,1,NULL,NULL,1,1,49.99
36921,33642,control,79342,"2012-10-26 12:50:05",desktop,0,gsearch,nonbrand,1,1,49.99
36925,33645,treatment,79363,"2012-10-26 13:05:41",desktop,0,bsearch,nonbrand,1,1,49.99
36940,33657,treatment,79394,"2012-10-26 13:24:23",desktop,0,gsearch,nonbrand,1,1,49.99
36934,30115,treatment,79395,"2012-10-26 13:24:27",mobile,1,NULL,NULL,1,1,49.99
36960,33673,control,79437,"2012-10-26 14:19:23",desktop,0,bsearch,nonbrand,0,0,0.00
36973,33686,treatment,79463,"2012-10-26 14:52:12",desktop,0,gsearch,nonbrand,1,1,49.99
36984,33696,control,79498,"2012-10-26 15:29:36",desktop,0,gsearch,nonbrand,1,1,49.99
36999,28112,control,79530,"2012-10-26 16:12:32",desktop,1,NULL,NULL,0,0,0.00
37015,33725,control,79571,"2012-10-26 16:59:24",desktop,0,gsearch,nonbrand,0,0,0.00
37017,33727,treatment,79572,"2012-10-26 17:01:05",desktop,0,gsearch,nonbrand,1,1,49.99
37019,33729,control,79579,"2012-10-26 17:13:03",desktop,0,gsearch,nonbrand,1,1,49.99
37025,33734,control,79602,"2012-10-26 17:40:13",mobile,0,gsearch,nonbrand,0,0,0.00
37024,33733,treatment,79604,"2012-10-26 17:41:03",desktop,0,gsearch,brand,0,0,0.00
37042,33749,treatment,79639,"2012-10-26 19:01:54",desktop,0,gsearch,nonbrand,1,1,49.99
37041,33748,control,79643,"2012-10-26 19:04:31",mobile,0,gsearch,nonbrand,0,0,0.00
37049,33755,treatment,79657,"2012-10-26 19:47:47",desktop,0,NULL,NULL,1,1,49.99
37059,33763,treatment,79677,"2012-10-26 20:27:46",desktop,0,gsearch,nonbrand,0,0,0.00
37076,33780,treatment,79716,"2012-10-26 22:07:56",desktop,0,bsearch,nonbrand,1,1,49.99
37090,33791,treatment,79750,"2012-10-26 23:40:28",desktop,0,bsearch,nonbrand,1,1,49.99
37097,33798,treatment,79761,"2012-10-27 00:48:23",desktop,0,gsearch,nonbrand,0,0,0.00
37111,33810,control,79794,"2012-10-27 02:42:16",desktop,0,gsearch,nonbrand,1,1,49.99
37110,33809,control,79795,"2012-10-27 02:43:01",desktop,0,bsearch,nonbrand,0,0,0.00
37117,33815,treatment,79816,"2012-10-27 04:20:35",desktop,0,gsearch,nonbrand,1,1,49.99
37124,33822,control,79829,"2012-10-27 05:37:16",desktop,0,bsearch,nonbrand,1,1,49.99
37146,33841,control,79875,"2012-10-27 09:14:53",desktop,0,bsearch,nonbrand,0,0,0.00
37165,33857,treatment,79917,"2012-10-27 11:03:36",desktop,0,gsearch,nonbrand,1,1,49.99
37170,33862,treatment,79925,"2012-10-27 11:19:56",desktop,0,bsearch,nonbrand,1,1,49.99
37178,28209,control,79951,"2012-10-27 12:10:36",desktop,1,NULL,NULL,1,1,49.99
37183,33873,treatment,79961,"2012-10-27 13:01:20",desktop,0,gsearch,nonbrand,0,0,0.00
37187,33877,control,79970,"2012-10-27 13:24:16",desktop,0,gsearch,nonbrand,0,0,0.00
37189,33879,control,79982,"2012-10-27 13:49:00",desktop,0,gsearch,nonbrand,1,1,49.99
37249,33934,treatment,80094,"2012-10-27 22:13:49",desktop,0,gsearch,nonbrand,0,0,0.00
37253,23974,treatment,80104,"2012-10-27 22:36:43",desktop,1,NULL,NULL,0,0,0.00
37266,33948,control,80130,"2012-10-28 01:18:32",desktop,0,bsearch,nonbrand,1,1,49.99
37275,33956,control,80156,"2012-10-28 05:29:52",mobile,0,gsearch,nonbrand,0,0,0.00
37280,33960,control,80165,"2012-10-28 06:52:40",desktop,0,bsearch,nonbrand,1,1,49.99
37299,33976,control,80203,"2012-10-28 10:16:47",desktop,0,gsearch,nonbrand,1,1,49.99
37319,33995,control,80250,"2012-10-28 12:57:40",desktop,0,gsearch,nonbrand,0,0,0.00
37330,34005,treatment,80273,"2012-10-28 14:36:01",desktop,0,gsearch,nonbrand,1,1,49.99
37344,34018,control,80311,"2012-10-28 16:25:05",desktop,0,gsearch,nonbrand,0,0,0.00
37365,34037,treatment,80353,"2012-10-28 18:44:50",desktop,0,gsearch,nonbrand,0,0,0.00
37389,34059,treatment,80397,"2012-10-28 21:28:20",desktop,0,gsearch,nonbrand,1,1,49.99
37403,24071,control,80434,"2012-10-28 22:57:48",mobile,1,NULL,NULL,0,0,0.00
37413,34081,control,80449,"2012-10-28 23:19:47",desktop,0,gsearch,nonbrand,1,1,49.99
37440,31331,treatment,80507,"2012-10-29 04:36:54",desktop,1,NULL,NULL,1,1,49.99
37457,34122,treatment,80542,"2012-10-29 07:29:59",desktop,0,gsearch,nonbrand,1,1,49.99
37473,34133,control,80580,"2012-10-29 09:18:58",desktop,0,gsearch,nonbrand,1,1,49.99
37474,34134,treatment,80581,"2012-10-29 09:19:18",desktop,0,gsearch,nonbrand,1,1,49.99
37493,32275,treatment,80620,"2012-10-29 10:30:00",desktop,1,NULL,NULL,0,0,0.00
37514,34167,control,80667,"2012-10-29 11:29:15",desktop,0,gsearch,nonbrand,1,1,49.99
37518,34169,control,80674,"2012-10-29 11:35:40",desktop,0,gsearch,nonbrand,1,1,49.99
37538,34186,control,80712,"2012-10-29 12:42:54",desktop,0,bsearch,nonbrand,0,0,0.00
37579,34223,control,80787,"2012-10-29 15:11:04",mobile,0,gsearch,nonbrand,0,0,0.00
37582,34226,treatment,80797,"2012-10-29 15:22:05",desktop,0,bsearch,nonbrand,1,1,49.99
37584,34228,treatment,80808,"2012-10-29 15:30:32",mobile,0,gsearch,nonbrand,0,0,0.00
37589,34232,treatment,80820,"2012-10-29 15:36:55",desktop,0,gsearch,nonbrand,1,1,49.99
37590,34233,treatment,80821,"2012-10-29 15:37:56",desktop,0,gsearch,nonbrand,0,0,0.00
37605,34248,treatment,80869,"2012-10-29 16:28:57",desktop,0,gsearch,nonbrand,1,1,49.99
37632,34274,treatment,80926,"2012-10-29 17:57:52",desktop,0,gsearch,nonbrand,0,0,0.00
37635,34277,control,80933,"2012-10-29 18:04:43",desktop,0,gsearch,nonbrand,1,1,49.99
37641,34283,treatment,80946,"2012-10-29 18:32:54",desktop,0,gsearch,nonbrand,0,0,0.00
37644,34285,control,80957,"2012-10-29 18:45:00",mobile,0,gsearch,nonbrand,0,0,0.00
37663,34302,treatment,81002,"2012-10-29 20:52:01",desktop,0,bsearch,nonbrand,1,1,49.99
37671,34308,treatment,81021,"2012-10-29 21:38:57",desktop,0,bsearch,nonbrand,0,0,0.00
37695,34327,control,81062,"2012-10-29 23:53:35",desktop,0,gsearch,nonbrand,1,1,49.99
37703,34334,treatment,81084,"2012-10-30 00:34:41",desktop,0,gsearch,nonbrand,1,1,49.99
37734,34363,treatment,81140,"2012-10-30 06:41:22",mobile,0,gsearch,nonbrand,1,1,49.99
37745,34373,treatment,81173,"2012-10-30 07:36:09",mobile,0,gsearch,nonbrand,0,0,0.00
37765,34391,treatment,81212,"2012-10-30 08:41:05",mobile,0,gsearch,nonbrand,0,0,0.00
37773,34399,treatment,81230,"2012-10-30 09:00:55",desktop,0,NULL,NULL,1,1,49.99
37774,34400,treatment,81239,"2012-10-30 09:07:06",desktop,0,gsearch,nonbrand,1,1,49.99
37783,34408,treatment,81265,"2012-10-30 09:31:37",desktop,0,bsearch,nonbrand,1,1,49.99
37804,34427,control,81314,"2012-10-30 10:48:25",desktop,0,gsearch,nonbrand,0,0,0.00
37808,34431,control,81334,"2012-10-30 11:07:16",desktop,0,bsearch,nonbrand,1,1,49.99
37810,32924,treatment,81338,"2012-10-30 11:09:19",mobile,1,gsearch,brand,0,0,0.00
37813,34435,control,81347,"2012-10-30 11:14:30",desktop,0,gsearch,nonbrand,1,1,49.99
37816,34438,control,81363,"2012-10-30 11:22:39",desktop,0,gsearch,nonbrand,0,0,0.00
37840,34460,treatment,81409,"2012-10-30 12:25:44",mobile,0,gsearch,nonbrand,1,1,49.99
37846,34466,control,81426,"2012-10-30 12:40:30",desktop,0,gsearch,nonbrand,1,1,49.99
37875,34489,control,81494,"2012-10-30 13:58:39",desktop,0,gsearch,nonbrand,1,1,49.99
37881,34495,control,81501,"2012-10-30 14:06:42",desktop,0,gsearch,nonbrand,0,0,0.00
37909,23237,control,81559,"2012-10-30 15:37:26",mobile,1,NULL,NULL,0,0,0.00
37912,34522,control,81563,"2012-10-30 15:39:30",desktop,0,gsearch,nonbrand,0,0,0.00
37947,34551,control,81642,"2012-10-30 18:08:53",desktop,0,bsearch,nonbrand,1,1,49.99
37952,34556,treatment,81653,"2012-10-30 18:29:10",desktop,0,gsearch,nonbrand,0,0,0.00
37965,34565,control,81686,"2012-10-30 19:19:43",desktop,0,bsearch,nonbrand,1,1,49.99
37961,34562,control,81690,"2012-10-30 19:22:15",desktop,0,bsearch,nonbrand,0,0,0.00
37960,34561,control,81691,"2012-10-30 19:23:47",desktop,0,gsearch,nonbrand,0,0,0.00
37993,34589,control,81752,"2012-10-30 21:01:19",desktop,0,gsearch,nonbrand,1,1,49.99
38019,34611,treatment,81801,"2012-10-30 23:39:20",desktop,0,bsearch,nonbrand,1,1,49.99
38037,34626,treatment,81838,"2012-10-31 01:54:22",desktop,0,bsearch,nonbrand,1,1,49.99
38051,34639,control,81867,"2012-10-31 05:33:58",desktop,0,bsearch,nonbrand,0,0,0.00
38054,34642,control,81880,"2012-10-31 06:01:44",desktop,0,bsearch,nonbrand,0,0,0.00
38060,34648,control,81907,"2012-10-31 07:52:00",desktop,0,gsearch,nonbrand,0,0,0.00
38061,34649,control,81910,"2012-10-31 07:54:42",desktop,0,bsearch,nonbrand,1,1,49.99
38076,34663,treatment,81940,"2012-10-31 09:00:55",desktop,0,bsearch,nonbrand,0,0,0.00
38077,34664,control,81964,"2012-10-31 09:16:17",desktop,0,gsearch,nonbrand,0,0,0.00
38099,34682,treatment,81991,"2012-10-31 09:55:31",desktop,0,gsearch,nonbrand,0,0,0.00
38104,34686,control,82009,"2012-10-31 10:19:25",desktop,0,gsearch,nonbrand,1,1,49.99
38124,34706,control,82046,"2012-10-31 11:17:22",desktop,0,bsearch,nonbrand,0,0,0.00
38136,34718,control,82076,"2012-10-31 11:34:42",desktop,0,bsearch,nonbrand,0,0,0.00
38158,30182,control,82119,"2012-10-31 12:05:30",desktop,1,NULL,NULL,1,1,49.99
38171,34746,control,82149,"2012-10-31 12:34:24",mobile,0,gsearch,brand,0,0,0.00
38172,34747,treatment,82162,"2012-10-31 12:45:33",desktop,0,bsearch,nonbrand,1,1,49.99
38182,34757,treatment,82180,"2012-10-31 13:05:31",desktop,0,NULL,NULL,1,1,49.99
38193,34767,control,82204,"2012-10-31 13:39:45",mobile,0,gsearch,nonbrand,0,0,0.00
38195,34769,control,82216,"2012-10-31 13:51:55",desktop,0,gsearch,nonbrand,0,0,0.00
38210,34781,treatment,82246,"2012-10-31 14:30:26",desktop,0,bsearch,nonbrand,0,0,0.00
38217,34787,treatment,82259,"2012-10-31 14:43:48",desktop,0,gsearch,nonbrand,1,1,49.99
38219,34789,control,82271,"2012-10-31 14:53:07",desktop,0,gsearch,nonbrand,0,0,0.00
38223,27253,control,82279,"2012-10-31 15:03:39",desktop,1,gsearch,brand,0,0,0.00
38225,34794,treatment,82295,"2012-10-31 15:15:12",desktop,0,gsearch,nonbrand,0,0,0.00
38238,34807,treatment,82327,"2012-10-31 15:45:29",desktop,0,gsearch,nonbrand,1,1,49.99
38244,34811,control,82340,"2012-10-31 15:53:33",desktop,0,gsearch,nonbrand,1,1,49.99
38249,34815,control,82352,"2012-10-31 16:02:58",desktop,0,NULL,NULL,0,0,0.00
38251,34816,control,82365,"2012-10-31 16:11:32",desktop,0,gsearch,nonbrand,0,0,0.00
38272,23077,control,82417,"2012-10-31 16:45:16",desktop,1,gsearch,brand,1,1,49.99
38288,34850,control,82445,"2012-10-31 17:23:36",desktop,0,gsearch,nonbrand,1,1,49.99
38321,18495,control,82511,"2012-10-31 19:02:31",desktop,1,NULL,NULL,0,0,0.00
38320,34880,treatment,82512,"2012-10-31 19:03:56",desktop,0,bsearch,nonbrand,1,1,49.99
38343,34900,treatment,82545,"2012-10-31 20:25:09",desktop,0,bsearch,nonbrand,1,1,49.99
38345,34901,treatment,82556,"2012-10-31 20:32:57",desktop,0,bsearch,nonbrand,1,1,49.99
38347,34903,treatment,82569,"2012-10-31 20:42:30",desktop,0,bsearch,nonbrand,1,1,49.99
38349,34905,control,82574,"2012-10-31 20:45:44",desktop,0,gsearch,nonbrand,0,0,0.00
38350,34906,control,82581,"2012-10-31 20:56:40",desktop,0,bsearch,nonbrand,1,1,49.99
38351,34907,treatment,82587,"2012-10-31 21:02:10",desktop,0,bsearch,nonbrand,1,1,49.99
38352,34908,treatment,82597,"2012-10-31 21:12:08",mobile,0,gsearch,nonbrand,0,0,0.00
38354,34910,treatment,82600,"2012-10-31 21:16:06",desktop,0,gsearch,nonbrand,0,0,0.00
38365,34921,treatment,82629,"2012-10-31 22:07:40",desktop,0,bsearch,nonbrand,1,1,49.99
38366,34922,treatment,82632,"2012-10-31 22:12:40",mobile,0,gsearch,nonbrand,0,0,0.00
38369,34925,treatment,82642,"2012-10-31 22:25:27",desktop,0,bsearch,nonbrand,0,0,0.00
38395,34949,control,82686,"2012-11-01 01:52:03",desktop,0,bsearch,nonbrand,1,1,49.99
38399,34953,treatment,82696,"2012-11-01 02:45:03",desktop,0,gsearch,nonbrand,0,0,0.00
38416,29417,control,82734,"2012-11-01 06:17:29",desktop,1,NULL,NULL,0,0,0.00
38466,35013,control,82829,"2012-11-01 10:02:44",desktop,0,gsearch,nonbrand,0,0,0.00
38491,35034,control,82887,"2012-11-01 11:14:47",desktop,0,gsearch,nonbrand,0,0,0.00
38492,35035,control,82888,"2012-11-01 11:15:24",desktop,0,gsearch,nonbrand,0,0,0.00
38509,35052,control,82920,"2012-11-01 12:01:49",desktop,0,gsearch,nonbrand,0,0,0.00
38508,35051,treatment,82924,"2012-11-01 12:04:00",desktop,0,gsearch,nonbrand,1,1,49.99
38519,35060,treatment,82948,"2012-11-01 12:34:35",desktop,0,gsearch,nonbrand,1,1,49.99
38524,35065,treatment,82959,"2012-11-01 12:43:00",desktop,0,gsearch,nonbrand,0,0,0.00
38528,35068,treatment,82975,"2012-11-01 12:54:02",desktop,0,gsearch,nonbrand,0,0,0.00
38536,35076,control,82992,"2012-11-01 13:07:44",desktop,0,bsearch,nonbrand,0,0,0.00
38561,35099,control,83044,"2012-11-01 14:36:28",desktop,0,gsearch,nonbrand,0,0,0.00
38562,35100,control,83047,"2012-11-01 14:37:44",desktop,0,gsearch,nonbrand,0,0,0.00
38574,35111,control,83072,"2012-11-01 15:03:28",desktop,0,bsearch,nonbrand,0,0,0.00
38576,35113,treatment,83076,"2012-11-01 15:12:22",desktop,0,gsearch,nonbrand,1,1,49.99
38596,35128,control,83112,"2012-11-01 15:58:09",desktop,0,NULL,NULL,0,0,0.00
38598,35130,treatment,83117,"2012-11-01 16:04:20",desktop,0,bsearch,nonbrand,1,1,49.99
38606,35137,treatment,83142,"2012-11-01 16:29:27",desktop,0,bsearch,nonbrand,1,1,49.99
38614,35145,control,83167,"2012-11-01 16:51:56",desktop,0,gsearch,nonbrand,0,0,0.00
38627,35156,treatment,83185,"2012-11-01 17:16:05",desktop,0,bsearch,nonbrand,1,1,49.99
38654,35177,treatment,83240,"2012-11-01 18:58:58",desktop,0,bsearch,nonbrand,1,1,49.99
38675,20666,control,83275,"2012-11-01 20:29:46",desktop,1,NULL,NULL,0,0,0.00
38676,35195,control,83283,"2012-11-01 20:43:48",desktop,0,gsearch,nonbrand,1,1,49.99
38684,35203,control,83311,"2012-11-01 21:18:49",desktop,0,bsearch,nonbrand,1,1,49.99
38685,35204,treatment,83316,"2012-11-01 21:24:21",desktop,0,gsearch,nonbrand,1,1,49.99
38696,35214,control,83347,"2012-11-01 22:26:38",desktop,0,gsearch,nonbrand,1,1,49.99
38698,24433,control,83359,"2012-11-01 22:35:17",desktop,1,NULL,NULL,0,0,0.00
38711,35227,control,83390,"2012-11-01 23:52:49",desktop,0,bsearch,nonbrand,1,1,49.99
38716,21656,treatment,83404,"2012-11-02 00:07:08",desktop,1,bsearch,brand,0,0,0.00
38723,35235,control,83424,"2012-11-02 00:39:51",desktop,0,NULL,NULL,1,1,49.99
38730,35242,treatment,83440,"2012-11-02 01:46:11",desktop,0,bsearch,nonbrand,1,1,49.99
38739,35251,treatment,83459,"2012-11-02 03:54:30",desktop,0,gsearch,nonbrand,1,1,49.99
38757,35268,treatment,83494,"2012-11-02 06:38:14",desktop,0,gsearch,nonbrand,1,1,49.99
38758,35269,control,83503,"2012-11-02 06:54:58",desktop,0,gsearch,nonbrand,0,0,0.00
38770,29373,control,83526,"2012-11-02 08:52:00",desktop,1,NULL,NULL,1,1,49.99
38771,16985,control,83533,"2012-11-02 09:01:16",desktop,1,NULL,NULL,0,0,0.00
38786,35293,control,83563,"2012-11-02 10:07:58",desktop,0,bsearch,nonbrand,1,1,49.99
38798,35305,control,83584,"2012-11-02 10:56:09",mobile,0,gsearch,nonbrand,0,0,0.00
38804,35311,control,83604,"2012-11-02 11:28:16",desktop,0,gsearch,nonbrand,1,1,49.99
38813,35319,control,83617,"2012-11-02 11:42:48",desktop,0,bsearch,nonbrand,0,0,0.00
38854,35355,control,83695,"2012-11-02 13:41:59",desktop,0,gsearch,nonbrand,1,1,49.99
38883,35378,control,83759,"2012-11-02 15:14:11",desktop,0,gsearch,nonbrand,0,0,0.00
38889,35384,treatment,83768,"2012-11-02 15:21:10",desktop,0,gsearch,nonbrand,1,1,49.99
38888,35383,treatment,83772,"2012-11-02 15:23:24",desktop,0,gsearch,nonbrand,0,0,0.00
38931,35417,control,83848,"2012-11-02 17:11:49",desktop,0,gsearch,nonbrand,0,0,0.00
38948,35430,control,83891,"2012-11-02 18:33:12",desktop,0,gsearch,nonbrand,0,0,0.00
38957,35438,treatment,83908,"2012-11-02 19:13:37",desktop,0,gsearch,nonbrand,1,1,49.99
38963,35444,treatment,83937,"2012-11-02 19:37:09",desktop,0,gsearch,nonbrand,1,1,49.99
38986,35462,treatment,83979,"2012-11-02 20:26:04",desktop,0,gsearch,nonbrand,0,0,0.00
38987,35463,treatment,83982,"2012-11-02 20:31:09",desktop,0,NULL,NULL,1,1,49.99
38995,35469,control,84003,"2012-11-02 21:09:58",desktop,0,gsearch,nonbrand,1,1,49.99
38997,35471,treatment,84009,"2012-11-02 21:20:34",desktop,0,NULL,NULL,1,1,49.99
39008,35482,treatment,84032,"2012-11-02 23:13:39",desktop,0,gsearch,nonbrand,1,1,49.99
39041,35513,treatment,84092,"2012-11-03 06:08:01",desktop,0,gsearch,nonbrand,0,0,0.00
39052,35522,treatment,84123,"2012-11-03 08:22:07",desktop,0,gsearch,nonbrand,1,1,49.99
39082,35550,control,84185,"2012-11-03 11:41:26",desktop,0,gsearch,nonbrand,1,1,49.99
39100,35567,control,84234,"2012-11-03 13:24:56",mobile,0,gsearch,nonbrand,0,0,0.00
39115,35581,treatment,84274,"2012-11-03 14:59:02",desktop,0,bsearch,nonbrand,1,1,49.99
39121,35586,control,84287,"2012-11-03 15:29:15",desktop,0,bsearch,nonbrand,0,0,0.00
39169,35628,control,84374,"2012-11-03 21:03:24",desktop,0,NULL,NULL,0,0,0.00
39175,35633,control,84390,"2012-11-03 22:30:04",mobile,0,bsearch,nonbrand,0,0,0.00
39180,24159,control,84407,"2012-11-03 23:28:08",desktop,1,NULL,NULL,1,1,49.99
39185,35642,treatment,84418,"2012-11-04 00:22:46",mobile,0,gsearch,nonbrand,1,1,49.99
39191,35647,treatment,84431,"2012-11-04 02:08:53",desktop,0,gsearch,nonbrand,1,1,49.99
39193,35649,control,84439,"2012-11-04 02:44:47",desktop,0,gsearch,nonbrand,0,0,0.00
39195,35651,treatment,84445,"2012-11-04 03:03:26",mobile,0,gsearch,nonbrand,1,1,49.99
39210,35663,control,84484,"2012-11-04 08:03:42",desktop,0,gsearch,nonbrand,0,0,0.00
39211,35664,control,84487,"2012-11-04 08:06:25",desktop,0,gsearch,nonbrand,1,1,49.99
39227,35679,control,84524,"2012-11-04 10:05:30",desktop,0,bsearch,nonbrand,0,0,0.00
39258,35707,control,84580,"2012-11-04 14:16:48",desktop,0,gsearch,nonbrand,1,1,49.99
39263,35712,treatment,84600,"2012-11-04 14:56:23",desktop,0,gsearch,nonbrand,1,1,49.99
39264,35713,control,84604,"2012-11-04 15:01:43",desktop,0,gsearch,nonbrand,1,1,49.99
39266,35715,treatment,84613,"2012-11-04 15:17:06",desktop,0,gsearch,nonbrand,1,1,49.99
39278,35725,treatment,84641,"2012-11-04 16:25:09",desktop,0,gsearch,nonbrand,1,1,49.99
39308,35751,control,84703,"2012-11-04 20:53:48",desktop,0,gsearch,nonbrand,0,0,0.00
39309,35752,control,84706,"2012-11-04 20:56:38",mobile,0,gsearch,nonbrand,1,1,49.99
39329,35771,treatment,84748,"2012-11-04 22:58:54",desktop,0,gsearch,nonbrand,0,0,0.00
39338,35779,control,84779,"2012-11-05 00:09:46",desktop,0,gsearch,nonbrand,0,0,0.00
39341,35782,treatment,84786,"2012-11-05 00:19:50",desktop,0,gsearch,nonbrand,1,1,49.99
39345,35786,control,84799,"2012-11-05 00:30:23",desktop,0,gsearch,brand,0,0,0.00
39360,35801,control,84835,"2012-11-05 02:17:25",desktop,0,gsearch,nonbrand,1,1,49.99
39381,35821,control,84887,"2012-11-05 05:16:01",mobile,0,gsearch,nonbrand,0,0,0.00
39415,35852,control,84958,"2012-11-05 09:26:11",desktop,0,gsearch,nonbrand,0,0,0.00
39426,35862,control,84989,"2012-11-05 10:07:30",desktop,0,gsearch,nonbrand,1,1,49.99
39438,35873,treatment,85014,"2012-11-05 10:30:30",desktop,0,gsearch,nonbrand,0,0,0.00
39475,35906,treatment,85086,"2012-11-05 11:50:57",desktop,0,gsearch,nonbrand,1,1,49.99
39485,35915,control,85111,"2012-11-05 12:32:20",desktop,0,gsearch,nonbrand,0,0,0.00
39515,31830,treatment,85174,"2012-11-05 13:56:24",desktop,1,bsearch,brand,0,0,0.00
39536,35959,treatment,85210,"2012-11-05 14:46:23",desktop,0,gsearch,nonbrand,1,1,49.99
39540,35963,control,85227,"2012-11-05 15:05:09",desktop,0,bsearch,nonbrand,0,0,0.00
39570,35986,control,85283,"2012-11-05 16:17:45",desktop,0,bsearch,nonbrand,1,1,49.99
39573,35989,control,85296,"2012-11-05 16:25:49",desktop,0,bsearch,nonbrand,1,1,49.99
39575,35990,treatment,85305,"2012-11-05 16:35:41",desktop,0,gsearch,nonbrand,0,0,0.00
39613,36025,control,85376,"2012-11-05 18:31:34",desktop,0,gsearch,nonbrand,1,1,49.99
39614,36026,treatment,85378,"2012-11-05 18:33:42",desktop,0,bsearch,nonbrand,1,1,49.99
39618,36030,control,85384,"2012-11-05 18:39:01",desktop,0,gsearch,nonbrand,1,1,49.99
39622,36034,control,85395,"2012-11-05 19:00:45",desktop,0,gsearch,nonbrand,0,0,0.00
39631,36042,control,85419,"2012-11-05 19:28:48",desktop,0,gsearch,nonbrand,0,0,0.00
39636,36046,control,85434,"2012-11-05 19:54:25",desktop,0,gsearch,nonbrand,1,1,49.99
39638,36048,treatment,85444,"2012-11-05 20:04:11",desktop,0,gsearch,nonbrand,0,0,0.00
39659,33555,treatment,85488,"2012-11-05 21:56:49",desktop,1,NULL,NULL,0,0,0.00
39661,36069,control,85493,"2012-11-05 22:00:38",desktop,0,gsearch,nonbrand,0,0,0.00
39704,19836,treatment,85575,"2012-11-06 03:09:11",desktop,1,gsearch,brand,1,1,49.99
39711,36113,control,85596,"2012-11-06 04:44:40",desktop,0,gsearch,nonbrand,0,0,0.00
39722,36122,control,85617,"2012-11-06 06:25:38",desktop,0,bsearch,nonbrand,1,1,49.99
39725,36125,treatment,85628,"2012-11-06 06:51:31",desktop,0,gsearch,nonbrand,1,1,49.99
39727,36127,control,85632,"2012-11-06 06:55:17",desktop,0,gsearch,nonbrand,0,0,0.00
39746,36145,treatment,85676,"2012-11-06 08:36:49",desktop,0,NULL,NULL,1,1,49.99
39754,36152,control,85701,"2012-11-06 09:21:03",desktop,0,gsearch,nonbrand,0,0,0.00
39762,36158,treatment,85730,"2012-11-06 09:46:11",desktop,0,bsearch,nonbrand,1,1,49.99
39774,36170,treatment,85745,"2012-11-06 10:00:07",desktop,0,gsearch,nonbrand,1,1,49.99
39775,36171,control,85749,"2012-11-06 10:02:53",desktop,0,gsearch,nonbrand,0,0,0.00
39783,36178,treatment,85774,"2012-11-06 10:29:51",desktop,0,gsearch,nonbrand,1,1,49.99
39803,36196,control,85821,"2012-11-06 11:21:23",desktop,0,gsearch,nonbrand,0,0,0.00
39825,36216,control,85864,"2012-11-06 12:28:39",desktop,0,gsearch,nonbrand,1,1,49.99
39852,30592,treatment,85911,"2012-11-06 13:02:04",desktop,1,gsearch,brand,0,0,0.00
39874,36257,control,85945,"2012-11-06 14:00:10",desktop,0,gsearch,nonbrand,1,1,49.99
39880,36262,control,85972,"2012-11-06 14:14:21",desktop,0,gsearch,nonbrand,0,0,0.00
39886,36268,treatment,85989,"2012-11-06 14:25:11",desktop,0,bsearch,nonbrand,1,1,49.99
39896,36278,control,86009,"2012-11-06 14:46:41",desktop,0,gsearch,nonbrand,1,1,49.99
39901,34437,control,86029,"2012-11-06 14:58:44",desktop,1,gsearch,brand,1,1,49.99
39902,36283,control,86034,"2012-11-06 15:00:33",desktop,0,gsearch,nonbrand,0,0,0.00
39909,22180,treatment,86046,"2012-11-06 15:17:20",desktop,1,NULL,NULL,1,1,49.99
39913,36292,treatment,86050,"2012-11-06 15:21:20",desktop,0,gsearch,nonbrand,1,1,49.99
39924,36303,control,86082,"2012-11-06 16:08:43",mobile,0,gsearch,nonbrand,0,0,0.00
39925,36304,control,86087,"2012-11-06 16:11:51",desktop,0,gsearch,nonbrand,0,0,0.00
39944,36322,treatment,86134,"2012-11-06 16:48:57",desktop,0,bsearch,nonbrand,1,1,49.99
39947,36325,treatment,86152,"2012-11-06 17:01:48",desktop,0,gsearch,nonbrand,1,1,49.99
39962,36337,control,86175,"2012-11-06 17:26:06",desktop,0,gsearch,nonbrand,1,1,49.99
39973,36348,treatment,86201,"2012-11-06 17:57:02",desktop,0,gsearch,nonbrand,1,1,49.99
39977,36352,treatment,86224,"2012-11-06 18:12:04",mobile,0,gsearch,nonbrand,1,1,49.99
39987,36358,control,86243,"2012-11-06 18:42:37",desktop,0,gsearch,nonbrand,0,0,0.00
40019,36387,treatment,86285,"2012-11-06 20:28:31",desktop,0,bsearch,nonbrand,1,1,49.99
40045,28258,treatment,86342,"2012-11-06 22:08:33",desktop,1,bsearch,brand,1,1,49.99
40067,30102,treatment,86376,"2012-11-06 23:47:49",desktop,1,NULL,NULL,0,0,0.00
40072,36435,treatment,86392,"2012-11-07 00:44:41",mobile,0,gsearch,nonbrand,0,0,0.00
40086,36448,treatment,86424,"2012-11-07 02:33:19",mobile,0,gsearch,nonbrand,1,1,49.99
40088,36450,treatment,86437,"2012-11-07 02:56:02",desktop,0,gsearch,nonbrand,0,0,0.00
40100,36462,treatment,86461,"2012-11-07 05:08:23",desktop,0,bsearch,nonbrand,1,1,49.99
40103,36464,control,86471,"2012-11-07 05:51:19",desktop,0,bsearch,nonbrand,1,1,49.99
40113,36474,treatment,86491,"2012-11-07 07:55:04",desktop,0,gsearch,nonbrand,1,1,49.99
40120,36481,treatment,86511,"2012-11-07 08:39:53",desktop,0,gsearch,nonbrand,1,1,49.99
40129,21524,treatment,86540,"2012-11-07 09:09:20",desktop,1,bsearch,brand,0,0,0.00
40131,36489,treatment,86550,"2012-11-07 09:19:02",mobile,0,gsearch,nonbrand,0,0,0.00
40142,36498,treatment,86569,"2012-11-07 09:43:59",desktop,0,bsearch,nonbrand,1,1,49.99
40159,36513,control,86606,"2012-11-07 10:36:33",desktop,0,gsearch,nonbrand,1,1,49.99
40171,36525,treatment,86625,"2012-11-07 10:54:02",desktop,0,gsearch,nonbrand,1,1,49.99
40224,36575,treatment,86738,"2012-11-07 12:32:16",desktop,0,gsearch,brand,0,0,0.00
40262,36608,control,86814,"2012-11-07 13:52:49",mobile,0,gsearch,nonbrand,0,0,0.00
40280,36625,control,86849,"2012-11-07 14:31:16",desktop,0,gsearch,nonbrand,1,1,49.99
40309,36650,control,86912,"2012-11-07 15:25:13",desktop,0,gsearch,nonbrand,0,0,0.00
40308,29750,control,86917,"2012-11-07 15:29:18",desktop,1,NULL,NULL,1,1,49.99
40321,36661,control,86939,"2012-11-07 15:50:14",desktop,0,bsearch,nonbrand,1,1,49.99
40328,22621,treatment,86952,"2012-11-07 16:07:57",mobile,1,gsearch,brand,1,1,49.99
40337,36676,treatment,86978,"2012-11-07 16:34:02",desktop,0,gsearch,nonbrand,1,1,49.99
40357,36695,treatment,87013,"2012-11-07 17:22:09",desktop,0,gsearch,nonbrand,1,1,49.99
40366,36704,control,87038,"2012-11-07 17:45:01",desktop,0,gsearch,nonbrand,0,0,0.00
40381,36717,treatment,87063,"2012-11-07 18:26:17",desktop,0,gsearch,nonbrand,1,1,49.99
40382,36718,treatment,87066,"2012-11-07 18:29:55",desktop,0,gsearch,nonbrand,1,1,49.99
40400,36733,control,87106,"2012-11-07 19:50:30",desktop,0,gsearch,nonbrand,0,0,0.00
40404,34375,treatment,87119,"2012-11-07 20:11:58",desktop,1,NULL,NULL,0,0,0.00
40407,23974,control,87128,"2012-11-07 20:27:11",mobile,1,gsearch,brand,1,1,49.99
40435,36766,treatment,87186,"2012-11-07 22:23:28",desktop,0,bsearch,nonbrand,1,1,49.99
40437,36768,control,87199,"2012-11-07 22:54:05",desktop,0,gsearch,nonbrand,0,0,0.00
40438,36769,control,87202,"2012-11-07 22:58:28",desktop,0,bsearch,nonbrand,1,1,49.99
40444,36775,control,87218,"2012-11-07 23:29:00",desktop,0,bsearch,nonbrand,0,0,0.00
40448,36778,control,87229,"2012-11-07 23:58:25",desktop,0,bsearch,nonbrand,1,1,49.99
40452,36782,treatment,87239,"2012-11-08 00:22:39",desktop,0,gsearch,nonbrand,0,0,0.00
40460,36790,treatment,87255,"2012-11-08 01:45:18",desktop,0,gsearch,nonbrand,1,1,49.99
40473,36802,treatment,87296,"2012-11-08 04:45:38",desktop,0,NULL,NULL,1,1,49.99
40485,36811,treatment,87320,"2012-11-08 06:41:13",desktop,0,gsearch,nonbrand,0,0,0.00
40493,36818,control,87337,"2012-11-08 07:11:20",desktop,0,bsearch,nonbrand,0,0,0.00
40501,36824,control,87360,"2012-11-08 08:04:16",desktop,0,gsearch,nonbrand,0,0,0.00
40541,36860,treatment,87419,"2012-11-08 10:38:39",desktop,0,gsearch,nonbrand,1,1,49.99
40554,36873,treatment,87453,"2012-11-08 11:31:39",mobile,0,gsearch,nonbrand,0,0,0.00
40558,36877,control,87460,"2012-11-08 11:38:09",desktop,0,gsearch,nonbrand,1,1,49.99
40582,36899,control,87517,"2012-11-08 12:37:36",desktop,0,gsearch,nonbrand,0,0,0.00
40599,36916,control,87556,"2012-11-08 13:19:28",desktop,0,gsearch,nonbrand,1,1,49.99
40606,36923,control,87572,"2012-11-08 13:31:28",mobile,0,gsearch,nonbrand,0,0,0.00
40682,36991,treatment,87717,"2012-11-08 16:45:03",mobile,0,gsearch,nonbrand,1,1,49.99
40683,36992,treatment,87726,"2012-11-08 16:51:50",desktop,0,gsearch,nonbrand,0,0,0.00
40704,37010,control,87771,"2012-11-08 17:56:39",desktop,0,gsearch,nonbrand,0,0,0.00
40708,37013,control,87779,"2012-11-08 18:10:26",desktop,0,gsearch,nonbrand,0,0,0.00
40711,37016,control,87791,"2012-11-08 18:26:29",desktop,0,bsearch,nonbrand,1,1,49.99
40726,37031,control,87826,"2012-11-08 20:17:00",desktop,0,gsearch,nonbrand,0,0,0.00
40745,37049,treatment,87861,"2012-11-08 21:57:12",desktop,0,bsearch,nonbrand,0,0,0.00
40748,37052,control,87876,"2012-11-08 22:30:10",desktop,0,bsearch,nonbrand,0,0,0.00
40764,37066,treatment,87907,"2012-11-08 23:14:20",desktop,0,gsearch,nonbrand,0,0,0.00
40770,37072,control,87918,"2012-11-08 23:51:39",desktop,0,gsearch,nonbrand,1,1,49.99
40793,37094,control,87974,"2012-11-09 03:02:28",desktop,0,gsearch,nonbrand,0,0,0.00
40800,37100,control,87984,"2012-11-09 03:53:12",desktop,0,gsearch,nonbrand,0,0,0.00
40804,37104,control,87999,"2012-11-09 04:31:44",desktop,0,bsearch,nonbrand,1,1,49.99
40812,37111,treatment,88009,"2012-11-09 05:06:24",desktop,0,bsearch,nonbrand,1,1,49.99
40818,37116,treatment,88025,"2012-11-09 06:09:08",desktop,0,gsearch,nonbrand,0,0,0.00
40829,37127,control,88049,"2012-11-09 06:51:55",desktop,0,bsearch,nonbrand,1,1,49.99
40839,37137,control,88068,"2012-11-09 08:00:20",desktop,0,NULL,NULL,1,1,49.99
40840,37138,treatment,88075,"2012-11-09 08:05:08",desktop,0,bsearch,nonbrand,1,1,49.99
40843,37141,treatment,88087,"2012-11-09 08:14:15",desktop,0,NULL,NULL,1,1,49.99
40850,37147,treatment,88110,"2012-11-09 08:55:54",desktop,0,gsearch,nonbrand,1,1,49.99
40851,37148,control,88114,"2012-11-09 08:59:16",desktop,0,bsearch,nonbrand,0,0,0.00
40860,37157,treatment,88146,"2012-11-09 09:22:49",desktop,0,bsearch,nonbrand,1,1,49.99
40866,37162,treatment,88158,"2012-11-09 09:39:30",desktop,0,NULL,NULL,1,1,49.99
40900,37193,treatment,88223,"2012-11-09 11:20:19",desktop,0,gsearch,nonbrand,1,1,49.99
40903,37196,treatment,88239,"2012-11-09 11:36:46",desktop,0,gsearch,nonbrand,1,1,49.99
40911,28334,control,88249,"2012-11-09 11:47:05",mobile,1,gsearch,brand,0,0,0.00
40917,37209,treatment,88276,"2012-11-09 12:04:08",desktop,0,bsearch,nonbrand,0,0,0.00
40922,37214,treatment,88286,"2012-11-09 12:13:27",desktop,0,bsearch,nonbrand,1,1,49.99
40937,37225,control,88314,"2012-11-09 13:01:41",desktop,0,bsearch,nonbrand,1,1,49.99
40945,37232,control,88335,"2012-11-09 13:23:35",desktop,0,gsearch,nonbrand,0,0,0.00
40950,30995,control,88348,"2012-11-09 13:43:01",desktop,1,NULL,NULL,0,0,0.00
40953,37239,treatment,88357,"2012-11-09 13:54:07",desktop,0,bsearch,nonbrand,1,1,49.99
40957,37243,treatment,88369,"2012-11-09 14:04:57",mobile,0,NULL,NULL,1,1,49.99
40961,37247,treatment,88383,"2012-11-09 14:19:57",desktop,0,gsearch,nonbrand,0,0,0.00
41010,37291,control,88488,"2012-11-09 16:35:44",desktop,0,gsearch,nonbrand,0,0,0.00
41014,37295,treatment,88496,"2012-11-09 16:47:06",desktop,0,gsearch,nonbrand,1,1,49.99
41024,37305,control,88519,"2012-11-09 17:15:26",desktop,0,gsearch,nonbrand,0,0,0.00
41058,37335,control,88577,"2012-11-09 19:16:57",desktop,0,gsearch,nonbrand,0,0,0.00
41089,37362,treatment,88643,"2012-11-09 22:11:29",desktop,0,gsearch,brand,0,0,0.00
