website_session_id,user_id,billing_version,billing_pageview_id,billing_exposure_at,experiment_date,device_type,is_repeat_session,utm_source,utm_campaign,session_cross_exposure_flag,user_cross_group_flag,purchased,order_id,gross_revenue,refund_amount,net_revenue,refunded_order_flag
25325,23266,treatment,53550,2012-09-10 00:13:05,2012-09-10,desktop,0,gsearch,nonbrand,0,0,1,871.0,49.99,0.0,49.99,0
25343,23284,control,53583,2012-09-10 05:39:09,2012-09-10,desktop,0,gsearch,nonbrand,0,0,1,872.0,49.99,0.0,49.99,0
25353,23291,control,53610,2012-09-10 07:53:37,2012-09-10,desktop,0,gsearch,nonbrand,0,0,1,873.0,49.99,0.0,49.99,0
25358,23064,treatment,53628,2012-09-10 08:36:13,2012-09-10,desktop,1,gsearch,brand,0,0,1,874.0,49.99,0.0,49.99,0
25368,23305,control,53662,2012-09-10 09:26:12,2012-09-10,desktop,0,gsearch,nonbrand,0,0,1,875.0,49.99,0.0,49.99,0
25393,23327,control,53718,2012-09-10 11:22:08,2012-09-10,mobile,0,gsearch,nonbrand,0,0,1,876.0,49.99,0.0,49.99,0
25411,23343,treatment,53753,2012-09-10 12:22:36,2012-09-10,desktop,0,gsearch,nonbrand,0,0,1,877.0,49.99,0.0,49.99,0
25454,7473,treatment,53839,2012-09-10 15:08:37,2012-09-10,desktop,1,gsearch,brand,0,0,1,878.0,49.99,0.0,49.99,0
25459,23386,treatment,53854,2012-09-10 15:18:08,2012-09-10,desktop,0,bsearch,nonbrand,0,0,0,,0.0,0.0,0.0,0
25468,23395,control,53866,2012-09-10 15:34:36,2012-09-10,desktop,0,gsearch,nonbrand,0,0,0,,0.0,0.0,0.0,0
25488,19982,control,53913,2012-09-10 17:04:55,2012-09-10,desktop,1,,,0,0,0,,0.0,0.0,0.0,0
25508,23426,control,53962,2012-09-10 18:23:00,2012-09-10,desktop,0,bsearch,nonbrand,0,0,1,879.0,49.99,0.0,49.99,0
25516,23433,treatment,53977,2012-09-10 19:10:27,2012-09-10,desktop,0,gsearch,nonbrand,0,0,1,880.0,49.99,0.0,49.99,0
25518,23435,control,53986,2012-09-10 19:22:22,2012-09-10,mobile,0,gsearch,nonbrand,0,0,0,,0.0,0.0,0.0,0
25533,23448,control,54024,2012-09-10 21:37:51,2012-09-10,desktop,0,bsearch,nonbrand,0,0,0,,0.0,0.0,0.0,0
25539,23452,control,54034,2012-09-10 21:59:56,2012-09-10,desktop,0,bsearch,nonbrand,0,0,1,881.0,49.99,0.0,49.99,0
25565,21689,treatment,54102,2012-09-11 00:34:17,2012-09-11,desktop,1,,,0,0,1,882.0,49.99,0.0,49.99,0
25601,13329,control,54182,2012-09-11 06:41:55,2012-09-11,desktop,1,bsearch,brand,0,0,1,883.0,49.99,49.99,0.0,1
25620,23522,control,54210,2012-09-11 08:36:34,2012-09-11,desktop,0,,,0,0,0,,0.0,0.0,0.0,0
25629,23531,treatment,54231,2012-09-11 09:28:33,2012-09-11,desktop,0,gsearch,nonbrand,0,0,0,,0.0,0.0,0.0,0
25639,23540,treatment,54249,2012-09-11 10:16:07,2012-09-11,desktop,0,gsearch,nonbrand,0,0,1,884.0,49.99,0.0,49.99,0
25646,23546,treatment,54268,2012-09-11 10:54:40,2012-09-11,desktop,0,gsearch,nonbrand,0,0,1,885.0,49.99,0.0,49.99,0
25662,23560,control,54316,2012-09-11 12:10:51,2012-09-11,desktop,0,bsearch,nonbrand,0,0,0,,0.0,0.0,0.0,0
25664,23562,control,54320,2012-09-11 12:14:41,2012-09-11,mobile,0,gsearch,nonbrand,0,0,1,886.0,49.99,0.0,49.99,0
25680,18214,treatment,54345,2012-09-11 13:01:16,2012-09-11,desktop,1,gsearch,brand,0,0,0,,0.0,0.0,0.0,0
25691,23587,treatment,54375,2012-09-11 13:44:44,2012-09-11,desktop,0,bsearch,nonbrand,0,0,1,887.0,49.99,0.0,49.99,0
25690,23586,control,54377,2012-09-11 13:45:16,2012-09-11,desktop,0,gsearch,nonbrand,0,0,0,,0.0,0.0,0.0,0
25697,23593,treatment,54390,2012-09-11 14:02:17,2012-09-11,desktop,0,gsearch,nonbrand,0,0,0,,0.0,0.0,0.0,0
25699,23595,control,54396,2012-09-11 14:07:49,2012-09-11,desktop,0,gsearch,nonbrand,0,0,0,,0.0,0.0,0.0,0
25701,23597,treatment,54407,2012-09-11 14:28:51,2012-09-11,desktop,0,gsearch,nonbrand,0,0,0,,0.0,0.0,0.0,0
25719,23613,treatment,54442,2012-09-11 15:34:11,2012-09-11,desktop,0,gsearch,nonbrand,0,0,1,888.0,49.99,0.0,49.99,0
25724,23617,treatment,54465,2012-09-11 16:11:31,2012-09-11,desktop,0,gsearch,nonbrand,0,0,0,,0.0,0.0,0.0,0
25744,23634,control,54500,2012-09-11 17:09:47,2012-09-11,desktop,0,gsearch,nonbrand,0,0,0,,0.0,0.0,0.0,0
25773,23663,control,54559,2012-09-11 19:14:30,2012-09-11,desktop,0,gsearch,nonbrand,0,0,1,889.0,49.99,0.0,49.99,0
25791,23678,treatment,54596,2012-09-11 21:09:53,2012-09-11,desktop,0,gsearch,nonbrand,0,0,0,,0.0,0.0,0.0,0
25802,20876,control,54626,2012-09-11 22:33:42,2012-09-11,desktop,1,gsearch,brand,0,0,1,890.0,49.99,0.0,49.99,0
25807,23691,treatment,54635,2012-09-11 22:52:05,2012-09-11,desktop,0,gsearch,nonbrand,0,0,0,,0.0,0.0,0.0,0
25814,23698,control,54648,2012-09-12 00:47:00,2012-09-12,desktop,0,gsearch,nonbrand,0,0,1,891.0,49.99,0.0,49.99,0
25816,23700,treatment,54656,2012-09-12 01:29:42,2012-09-12,desktop,0,bsearch,nonbrand,0,0,1,892.0,49.99,0.0,49.99,0
25826,23710,control,54689,2012-09-12 03:06:29,2012-09-12,desktop,0,gsearch,nonbrand,0,0,1,893.0,49.99,0.0,49.99,0
25836,23720,control,54713,2012-09-12 06:17:19,2012-09-12,desktop,0,gsearch,nonbrand,0,0,0,,0.0,0.0,0.0,0
25848,23731,control,54737,2012-09-12 07:45:37,2012-09-12,desktop,0,gsearch,nonbrand,0,0,1,894.0,49.99,0.0,49.99,0
25860,23742,treatment,54767,2012-09-12 09:02:09,2012-09-12,desktop,0,gsearch,nonbrand,0,0,1,895.0,49.99,0.0,49.99,0
25874,23754,control,54801,2012-09-12 10:04:26,2012-09-12,desktop,0,bsearch,nonbrand,0,0,1,896.0,49.99,0.0,49.99,0
25875,23755,treatment,54803,2012-09-12 10:06:12,2012-09-12,desktop,0,gsearch,nonbrand,0,0,0,,0.0,0.0,0.0,0
25880,17179,control,54822,2012-09-12 10:39:53,2012-09-12,mobile,1,,,0,0,1,897.0,49.99,0.0,49.99,0
25882,23760,control,54825,2012-09-12 10:41:43,2012-09-12,desktop,0,gsearch,nonbrand,0,0,0,,0.0,0.0,0.0,0
25907,23782,treatment,54873,2012-09-12 12:21:31,2012-09-12,desktop,0,gsearch,nonbrand,0,0,1,898.0,49.99,0.0,49.99,0
25918,23793,control,54894,2012-09-12 12:58:48,2012-09-12,desktop,0,gsearch,nonbrand,0,0,1,899.0,49.99,0.0,49.99,0
25936,23810,control,54932,2012-09-12 13:58:31,2012-09-12,desktop,0,gsearch,nonbrand,0,0,0,,0.0,0.0,0.0,0
25979,23851,treatment,54999,2012-09-12 16:53:46,2012-09-12,desktop,0,bsearch,nonbrand,0,0,1,900.0,49.99,49.99,0.0,1
25997,23868,treatment,55041,2012-09-12 17:58:43,2012-09-12,desktop,0,gsearch,nonbrand,0,0,0,,0.0,0.0,0.0,0
26017,23887,control,55083,2012-09-12 19:23:02,2012-09-12,desktop,0,gsearch,nonbrand,0,0,0,,0.0,0.0,0.0,0
26021,23891,treatment,55095,2012-09-12 19:37:38,2012-09-12,desktop,0,gsearch,nonbrand,0,0,1,901.0,49.99,0.0,49.99,0
26022,23892,control,55099,2012-09-12 19:42:56,2012-09-12,desktop,0,gsearch,nonbrand,0,0,0,,0.0,0.0,0.0,0
26024,17194,control,55107,2012-09-12 20:03:31,2012-09-12,desktop,1,,,0,0,1,902.0,49.99,0.0,49.99,0
26036,23905,control,55129,2012-09-12 21:05:28,2012-09-12,desktop,0,bsearch,nonbrand,0,0,0,,0.0,0.0,0.0,0
26039,23908,control,55141,2012-09-12 21:53:30,2012-09-12,desktop,0,gsearch,nonbrand,0,0,0,,0.0,0.0,0.0,0
26048,23915,control,55159,2012-09-12 22:58:29,2012-09-12,mobile,0,gsearch,nonbrand,0,0,1,903.0,49.99,0.0,49.99,0
26092,17221,control,55241,2012-09-13 05:41:55,2012-09-13,desktop,1,,,0,0,1,904.0,49.99,0.0,49.99,0
26093,16542,control,55248,2012-09-13 06:23:20,2012-09-13,desktop,1,gsearch,brand,0,0,1,905.0,49.99,49.99,0.0,1
26105,23966,treatment,55278,2012-09-13 07:32:09,2012-09-13,desktop,0,gsearch,nonbrand,0,0,1,906.0,49.99,0.0,49.99,0
26114,23972,treatment,55304,2012-09-13 08:39:16,2012-09-13,mobile,0,gsearch,nonbrand,0,0,1,907.0,49.99,0.0,49.99,0
26119,23977,treatment,55312,2012-09-13 08:44:44,2012-09-13,desktop,0,gsearch,nonbrand,0,0,0,,0.0,0.0,0.0,0
26120,23978,treatment,55317,2012-09-13 08:50:44,2012-09-13,desktop,0,gsearch,nonbrand,0,0,1,908.0,49.99,0.0,49.99,0
26127,23984,treatment,55336,2012-09-13 09:18:28,2012-09-13,desktop,0,gsearch,nonbrand,0,0,1,909.0,49.99,0.0,49.99,0
26136,23993,control,55353,2012-09-13 10:00:55,2012-09-13,desktop,0,bsearch,nonbrand,0,0,1,910.0,49.99,49.99,0.0,1
26175,24029,control,55423,2012-09-13 12:04:34,2012-09-13,desktop,0,gsearch,nonbrand,0,0,1,911.0,49.99,0.0,49.99,0
26196,24049,control,55467,2012-09-13 12:56:06,2012-09-13,desktop,0,gsearch,nonbrand,0,0,1,912.0,49.99,0.0,49.99,0
26213,24063,treatment,55499,2012-09-13 14:13:50,2012-09-13,mobile,0,gsearch,nonbrand,0,0,0,,0.0,0.0,0.0,0
26222,24071,treatment,55521,2012-09-13 14:41:00,2012-09-13,desktop,0,gsearch,nonbrand,0,1,1,913.0,49.99,0.0,49.99,0
26230,24078,control,55535,2012-09-13 15:14:03,2012-09-13,desktop,0,gsearch,nonbrand,0,0,1,914.0,49.99,0.0,49.99,0
26234,24081,treatment,55555,2012-09-13 15:31:33,2012-09-13,desktop,0,bsearch,nonbrand,0,0,1,915.0,49.99,0.0,49.99,0
26243,21657,treatment,55571,2012-09-13 15:55:21,2012-09-13,desktop,1,,,0,0,1,917.0,49.99,0.0,49.99,0
26242,24088,treatment,55573,2012-09-13 15:55:41,2012-09-13,desktop,0,bsearch,nonbrand,0,0,1,916.0,49.99,0.0,49.99,0
26272,24116,treatment,55630,2012-09-13 17:41:28,2012-09-13,desktop,0,bsearch,nonbrand,0,0,1,918.0,49.99,0.0,49.99,0
26277,24121,treatment,55644,2012-09-13 18:11:58,2012-09-13,desktop,0,gsearch,nonbrand,0,0,1,919.0,49.99,0.0,49.99,0
26285,24128,treatment,55672,2012-09-13 18:49:15,2012-09-13,desktop,0,gsearch,nonbrand,0,0,1,920.0,49.99,0.0,49.99,0
26284,24127,treatment,55679,2012-09-13 18:51:49,2012-09-13,desktop,0,gsearch,nonbrand,0,0,0,,0.0,0.0,0.0,0
26289,24132,treatment,55682,2012-09-13 18:54:11,2012-09-13,desktop,0,gsearch,nonbrand,0,0,1,921.0,49.99,0.0,49.99,0
26318,24159,treatment,55743,2012-09-13 21:58:29,2012-09-13,desktop,0,bsearch,nonbrand,0,1,1,922.0,49.99,0.0,49.99,0
26334,10202,treatment,55768,2012-09-13 23:59:29,2012-09-13,desktop,1,,,0,0,0,,0.0,0.0,0.0,0
26362,24199,control,55829,2012-09-14 07:13:00,2012-09-14,desktop,0,gsearch,nonbrand,0,0,0,,0.0,0.0,0.0,0
26400,16149,treatment,55901,2012-09-14 10:25:29,2012-09-14,desktop,1,bsearch,brand,0,0,1,923.0,49.99,0.0,49.99,0
26406,24236,treatment,55920,2012-09-14 10:57:07,2012-09-14,desktop,0,gsearch,nonbrand,0,0,0,,0.0,0.0,0.0,0
26410,24240,control,55933,2012-09-14 11:09:52,2012-09-14,mobile,0,gsearch,nonbrand,0,0,0,,0.0,0.0,0.0,0
26423,24252,control,55960,2012-09-14 11:55:03,2012-09-14,desktop,0,gsearch,nonbrand,0,0,1,924.0,49.99,0.0,49.99,0
26430,24258,treatment,55976,2012-09-14 12:31:33,2012-09-14,desktop,0,gsearch,nonbrand,0,0,0,,0.0,0.0,0.0,0
26442,11917,treatment,55995,2012-09-14 13:24:28,2012-09-14,desktop,1,,,0,0,1,925.0,49.99,0.0,49.99,0
26446,19574,control,56011,2012-09-14 13:51:21,2012-09-14,desktop,1,,,0,0,0,,0.0,0.0,0.0,0
26448,24273,treatment,56013,2012-09-14 13:54:05,2012-09-14,desktop,0,gsearch,nonbrand,0,0,1,926.0,49.99,0.0,49.99,0
26470,24295,control,56056,2012-09-14 15:18:00,2012-09-14,desktop,0,bsearch,nonbrand,0,0,1,927.0,49.99,0.0,49.99,0
26480,24304,control,56080,2012-09-14 15:57:39,2012-09-14,desktop,0,bsearch,nonbrand,0,0,0,,0.0,0.0,0.0,0
26482,24305,treatment,56087,2012-09-14 16:02:59,2012-09-14,desktop,0,gsearch,nonbrand,0,0,1,928.0,49.99,0.0,49.99,0
26488,24311,control,56096,2012-09-14 16:13:42,2012-09-14,desktop,0,gsearch,nonbrand,0,0,0,,0.0,0.0,0.0,0
26501,24324,treatment,56122,2012-09-14 16:51:57,2012-09-14,desktop,0,gsearch,nonbrand,0,0,0,,0.0,0.0,0.0,0
26502,24325,control,56128,2012-09-14 16:54:46,2012-09-14,desktop,0,,,0,0,0,,0.0,0.0,0.0,0
26529,24350,control,56174,2012-09-14 19:18:15,2012-09-14,desktop,0,gsearch,brand,0,0,1,929.0,49.99,0.0,49.99,0
26540,24361,treatment,56194,2012-09-14 20:39:04,2012-09-14,desktop,0,gsearch,nonbrand,0,0,1,930.0,49.99,0.0,49.99,0
26550,24371,control,56216,2012-09-14 22:05:39,2012-09-14,desktop,0,gsearch,nonbrand,0,0,1,931.0,49.99,0.0,49.99,0
26556,9992,control,56229,2012-09-14 22:48:57,2012-09-14,desktop,1,,,0,0,0,,0.0,0.0,0.0,0
26575,24393,treatment,56265,2012-09-15 03:53:31,2012-09-15,mobile,0,gsearch,nonbrand,0,0,1,932.0,49.99,0.0,49.99,0
26588,24406,control,56304,2012-09-15 08:09:26,2012-09-15,desktop,0,gsearch,nonbrand,0,0,1,933.0,49.99,0.0,49.99,0
26604,24421,treatment,56331,2012-09-15 11:53:12,2012-09-15,desktop,0,gsearch,nonbrand,0,0,0,,0.0,0.0,0.0,0
26618,24435,treatment,56363,2012-09-15 13:25:43,2012-09-15,desktop,0,gsearch,nonbrand,0,0,1,934.0,49.99,49.99,0.0,1
26652,24464,treatment,56426,2012-09-15 18:57:13,2012-09-15,desktop,0,bsearch,nonbrand,0,0,0,,0.0,0.0,0.0,0
26657,24469,treatment,56437,2012-09-15 19:25:23,2012-09-15,mobile,0,gsearch,nonbrand,0,0,0,,0.0,0.0,0.0,0
26662,24474,control,56453,2012-09-15 20:02:23,2012-09-15,desktop,0,gsearch,nonbrand,0,0,0,,0.0,0.0,0.0,0
26666,13154,control,56463,2012-09-15 20:20:13,2012-09-15,desktop,1,,,0,0,1,935.0,49.99,0.0,49.99,0
26669,24480,treatment,56474,2012-09-15 20:53:06,2012-09-15,desktop,0,gsearch,nonbrand,0,0,1,936.0,49.99,0.0,49.99,0
26671,24482,treatment,56482,2012-09-15 21:39:06,2012-09-15,desktop,0,gsearch,nonbrand,0,0,1,937.0,49.99,0.0,49.99,0
26676,24487,treatment,56495,2012-09-15 23:45:37,2012-09-15,desktop,0,gsearch,nonbrand,0,0,1,938.0,49.99,0.0,49.99,0
26680,24491,treatment,56509,2012-09-16 00:31:38,2012-09-16,desktop,0,bsearch,nonbrand,0,0,0,,0.0,0.0,0.0,0
26700,24509,treatment,56549,2012-09-16 09:22:32,2012-09-16,desktop,0,bsearch,nonbrand,0,0,0,,0.0,0.0,0.0,0
26714,24523,treatment,56581,2012-09-16 11:24:31,2012-09-16,desktop,0,,,0,0,1,939.0,49.99,49.99,0.0,1
26718,18997,control,56593,2012-09-16 12:06:30,2012-09-16,desktop,1,gsearch,brand,0,0,0,,0.0,0.0,0.0,0
26719,24527,control,56599,2012-09-16 12:25:22,2012-09-16,desktop,0,bsearch,nonbrand,0,0,0,,0.0,0.0,0.0,0
26722,24530,control,56614,2012-09-16 12:52:48,2012-09-16,desktop,0,gsearch,nonbrand,0,0,1,940.0,49.99,0.0,49.99,0
26739,24545,control,56649,2012-09-16 15:59:14,2012-09-16,desktop,0,bsearch,nonbrand,0,0,0,,0.0,0.0,0.0,0
26748,24554,control,56676,2012-09-16 17:01:49,2012-09-16,desktop,0,gsearch,nonbrand,0,0,0,,0.0,0.0,0.0,0
26757,24561,control,56695,2012-09-16 18:05:44,2012-09-16,desktop,0,gsearch,nonbrand,0,0,0,,0.0,0.0,0.0,0
26764,24567,treatment,56713,2012-09-16 19:39:51,2012-09-16,mobile,0,gsearch,nonbrand,0,0,1,941.0,49.99,49.99,0.0,1
26777,24579,treatment,56741,2012-09-16 20:49:35,2012-09-16,desktop,0,gsearch,nonbrand,0,0,1,942.0,49.99,0.0,49.99,0
26791,24591,treatment,56782,2012-09-16 22:24:31,2012-09-16,desktop,0,bsearch,nonbrand,0,0,0,,0.0,0.0,0.0,0
26808,24608,treatment,56813,2012-09-17 00:10:48,2012-09-17,desktop,0,gsearch,nonbrand,0,0,0,,0.0,0.0,0.0,0
26821,24621,treatment,56845,2012-09-17 01:58:31,2012-09-17,desktop,0,bsearch,brand,0,0,1,943.0,49.99,0.0,49.99,0
26832,24630,treatment,56875,2012-09-17 03:31:23,2012-09-17,desktop,0,gsearch,nonbrand,0,0,0,,0.0,0.0,0.0,0
26878,24672,treatment,56966,2012-09-17 09:36:07,2012-09-17,desktop,0,bsearch,nonbrand,0,0,0,,0.0,0.0,0.0,0
26886,24679,control,56980,2012-09-17 09:57:42,2012-09-17,desktop,0,bsearch,nonbrand,0,0,1,944.0,49.99,0.0,49.99,0
26891,24683,treatment,56993,2012-09-17 10:17:37,2012-09-17,desktop,0,gsearch,nonbrand,0,0,1,945.0,49.99,0.0,49.99,0
26902,24692,control,57014,2012-09-17 10:59:41,2012-09-17,desktop,0,,,0,0,0,,0.0,0.0,0.0,0
26931,24718,control,57075,2012-09-17 12:45:25,2012-09-17,desktop,0,bsearch,nonbrand,0,0,1,946.0,49.99,0.0,49.99,0
26941,24728,treatment,57103,2012-09-17 13:13:08,2012-09-17,desktop,0,gsearch,nonbrand,0,0,1,947.0,49.99,0.0,49.99,0
26984,24765,control,57189,2012-09-17 15:05:58,2012-09-17,desktop,0,bsearch,nonbrand,0,0,1,948.0,49.99,0.0,49.99,0
26989,24769,treatment,57206,2012-09-17 15:22:05,2012-09-17,desktop,0,gsearch,nonbrand,0,0,1,949.0,49.99,0.0,49.99,0
26990,24770,treatment,57212,2012-09-17 15:28:07,2012-09-17,desktop,0,gsearch,nonbrand,0,0,0,,0.0,0.0,0.0,0
27007,24786,treatment,57250,2012-09-17 16:17:03,2012-09-17,desktop,0,gsearch,nonbrand,0,0,0,,0.0,0.0,0.0,0
27008,17996,treatment,57254,2012-09-17 16:21:01,2012-09-17,desktop,1,,,0,0,0,,0.0,0.0,0.0,0
27030,24805,control,57295,2012-09-17 17:18:25,2012-09-17,desktop,0,gsearch,nonbrand,0,0,0,,0.0,0.0,0.0,0
27035,24810,control,57303,2012-09-17 17:30:23,2012-09-17,desktop,0,gsearch,nonbrand,0,0,0,,0.0,0.0,0.0,0
27040,20960,treatment,57321,2012-09-17 17:44:50,2012-09-17,mobile,1,gsearch,brand,0,0,1,950.0,49.99,49.99,0.0,1
27041,24814,control,57330,2012-09-17 17:49:02,2012-09-17,desktop,0,bsearch,nonbrand,0,0,0,,0.0,0.0,0.0,0
27055,24828,treatment,57351,2012-09-17 18:21:06,2012-09-17,desktop,0,gsearch,nonbrand,0,0,0,,0.0,0.0,0.0,0
27086,24858,control,57417,2012-09-17 20:11:17,2012-09-17,desktop,0,bsearch,nonbrand,0,0,0,,0.0,0.0,0.0,0
27117,24888,control,57483,2012-09-18 00:04:52,2012-09-18,desktop,0,gsearch,nonbrand,0,0,1,951.0,49.99,0.0,49.99,0
27135,24906,control,57522,2012-09-18 02:17:00,2012-09-18,desktop,0,bsearch,nonbrand,0,0,0,,0.0,0.0,0.0,0
27155,24924,control,57555,2012-09-18 06:06:52,2012-09-18,desktop,0,bsearch,nonbrand,0,0,1,952.0,49.99,0.0,49.99,0
27160,24185,control,57571,2012-09-18 07:28:02,2012-09-18,desktop,1,,,0,0,0,,0.0,0.0,0.0,0
27163,24931,control,57583,2012-09-18 08:22:25,2012-09-18,desktop,0,gsearch,brand,0,0,0,,0.0,0.0,0.0,0
27164,24932,treatment,57590,2012-09-18 08:30:57,2012-09-18,desktop,0,gsearch,nonbrand,0,0,0,,0.0,0.0,0.0,0
27165,24933,treatment,57593,2012-09-18 08:34:00,2012-09-18,mobile,0,gsearch,nonbrand,0,0,0,,0.0,0.0,0.0,0
27166,24934,control,57600,2012-09-18 09:01:25,2012-09-18,mobile,0,gsearch,nonbrand,0,0,1,953.0,49.99,49.99,0.0,1
27189,24956,control,57646,2012-09-18 10:56:03,2012-09-18,desktop,0,,,0,0,1,954.0,49.99,0.0,49.99,0
27204,24970,control,57681,2012-09-18 11:49:25,2012-09-18,desktop,0,gsearch,nonbrand,0,0,0,,0.0,0.0,0.0,0
27211,24977,treatment,57698,2012-09-18 12:02:08,2012-09-18,desktop,0,gsearch,nonbrand,0,0,0,,0.0,0.0,0.0,0
27218,24984,treatment,57710,2012-09-18 12:19:43,2012-09-18,mobile,0,gsearch,nonbrand,0,0,0,,0.0,0.0,0.0,0
27226,22370,treatment,57729,2012-09-18 12:43:22,2012-09-18,mobile,1,,,0,0,1,955.0,49.99,0.0,49.99,0
27253,25015,treatment,57784,2012-09-18 14:08:31,2012-09-18,mobile,0,gsearch,nonbrand,0,0,1,956.0,49.99,0.0,49.99,0
27272,16112,control,57816,2012-09-18 14:43:10,2012-09-18,desktop,1,gsearch,brand,0,0,0,,0.0,0.0,0.0,0
27277,25037,control,57829,2012-09-18 14:54:36,2012-09-18,desktop,0,gsearch,nonbrand,0,0,0,,0.0,0.0,0.0,0
27286,25044,treatment,57849,2012-09-18 15:16:50,2012-09-18,desktop,0,gsearch,nonbrand,0,0,1,957.0,49.99,0.0,49.99,0
27296,25052,control,57875,2012-09-18 15:51:47,2012-09-18,desktop,0,gsearch,nonbrand,0,0,0,,0.0,0.0,0.0,0
27325,25075,treatment,57933,2012-09-18 17:12:47,2012-09-18,desktop,0,gsearch,nonbrand,0,0,0,,0.0,0.0,0.0,0
27334,25084,control,57959,2012-09-18 17:51:35,2012-09-18,desktop,0,gsearch,nonbrand,0,0,0,,0.0,0.0,0.0,0
27361,25108,control,58007,2012-09-18 19:17:09,2012-09-18,desktop,0,gsearch,nonbrand,0,0,1,958.0,49.99,0.0,49.99,0
27374,25119,treatment,58035,2012-09-18 20:20:24,2012-09-18,desktop,0,gsearch,nonbrand,0,0,1,959.0,49.99,0.0,49.99,0
27384,25129,control,58059,2012-09-18 21:11:40,2012-09-18,desktop,0,gsearch,nonbrand,0,0,1,960.0,49.99,0.0,49.99,0
27391,25135,treatment,58078,2012-09-18 21:29:13,2012-09-18,desktop,0,gsearch,nonbrand,0,0,1,961.0,49.99,0.0,49.99,0
27409,25153,treatment,58109,2012-09-18 22:36:15,2012-09-18,desktop,0,bsearch,nonbrand,0,0,0,,0.0,0.0,0.0,0
27413,25157,control,58120,2012-09-18 23:07:22,2012-09-18,desktop,0,gsearch,nonbrand,0,0,0,,0.0,0.0,0.0,0
27416,25160,treatment,58127,2012-09-18 23:31:17,2012-09-18,desktop,0,gsearch,nonbrand,0,0,0,,0.0,0.0,0.0,0
27420,25163,control,58142,2012-09-19 00:08:46,2012-09-19,desktop,0,gsearch,nonbrand,0,0,1,962.0,49.99,0.0,49.99,0
27421,25164,control,58147,2012-09-19 00:18:15,2012-09-19,desktop,0,bsearch,nonbrand,0,0,1,963.0,49.99,0.0,49.99,0
27423,25166,control,58156,2012-09-19 00:40:15,2012-09-19,desktop,0,gsearch,nonbrand,0,0,1,964.0,49.99,0.0,49.99,0
27472,25214,control,58242,2012-09-19 08:33:38,2012-09-19,desktop,0,gsearch,nonbrand,0,0,1,965.0,49.99,0.0,49.99,0
27477,25219,control,58252,2012-09-19 08:52:48,2012-09-19,desktop,0,gsearch,nonbrand,0,0,1,966.0,49.99,0.0,49.99,0
27485,25227,treatment,58271,2012-09-19 09:22:43,2012-09-19,desktop,0,bsearch,nonbrand,0,0,1,967.0,49.99,0.0,49.99,0
27493,25235,treatment,58296,2012-09-19 10:06:05,2012-09-19,desktop,0,bsearch,nonbrand,0,0,1,968.0,49.99,0.0,49.99,0
27496,25237,treatment,58304,2012-09-19 10:13:25,2012-09-19,desktop,0,bsearch,nonbrand,0,0,1,969.0,49.99,49.99,0.0,1
27503,25244,control,58314,2012-09-19 10:20:40,2012-09-19,desktop,0,gsearch,nonbrand,0,0,1,970.0,49.99,0.0,49.99,0
27516,25255,control,58354,2012-09-19 11:03:27,2012-09-19,desktop,0,bsearch,nonbrand,0,0,1,971.0,49.99,0.0,49.99,0
27521,25260,treatment,58374,2012-09-19 11:14:21,2012-09-19,desktop,0,gsearch,nonbrand,0,0,1,972.0,49.99,0.0,49.99,0
27527,25265,control,58381,2012-09-19 11:22:44,2012-09-19,desktop,0,bsearch,brand,0,0,1,973.0,49.99,0.0,49.99,0
27544,16713,control,58415,2012-09-19 12:04:40,2012-09-19,desktop,1,,,0,0,0,,0.0,0.0,0.0,0
27546,25280,control,58429,2012-09-19 12:12:30,2012-09-19,desktop,0,bsearch,nonbrand,0,0,1,974.0,49.99,0.0,49.99,0
27556,25290,control,58452,2012-09-19 12:33:41,2012-09-19,desktop,0,gsearch,nonbrand,0,0,0,,0.0,0.0,0.0,0
27565,25299,control,58475,2012-09-19 13:01:23,2012-09-19,desktop,0,gsearch,nonbrand,0,0,0,,0.0,0.0,0.0,0
27571,25305,treatment,58483,2012-09-19 13:12:22,2012-09-19,desktop,0,gsearch,nonbrand,0,0,0,,0.0,0.0,0.0,0
27575,25309,control,58497,2012-09-19 13:36:26,2012-09-19,desktop,0,gsearch,nonbrand,0,0,1,975.0,49.99,0.0,49.99,0
27604,25334,treatment,58552,2012-09-19 15:08:01,2012-09-19,desktop,0,bsearch,nonbrand,0,0,1,976.0,49.99,0.0,49.99,0
27615,25344,control,58576,2012-09-19 15:32:12,2012-09-19,mobile,0,gsearch,nonbrand,0,0,0,,0.0,0.0,0.0,0
27639,25367,control,58629,2012-09-19 16:44:39,2012-09-19,desktop,0,bsearch,nonbrand,0,0,0,,0.0,0.0,0.0,0
27640,25368,treatment,58632,2012-09-19 16:47:22,2012-09-19,desktop,0,gsearch,nonbrand,0,0,0,,0.0,0.0,0.0,0
27644,25372,control,58640,2012-09-19 16:55:37,2012-09-19,desktop,0,gsearch,nonbrand,0,0,1,977.0,49.99,0.0,49.99,0
27654,20223,treatment,58667,2012-09-19 17:29:31,2012-09-19,mobile,1,gsearch,brand,0,0,1,978.0,49.99,0.0,49.99,0
27657,25381,treatment,58676,2012-09-19 17:37:53,2012-09-19,desktop,0,gsearch,nonbrand,0,0,0,,0.0,0.0,0.0,0
27655,23122,control,58677,2012-09-19 17:39:19,2012-09-19,desktop,1,gsearch,brand,0,0,1,979.0,49.99,0.0,49.99,0
27677,25397,treatment,58709,2012-09-19 18:37:17,2012-09-19,mobile,0,bsearch,nonbrand,0,0,0,,0.0,0.0,0.0,0
27678,25398,control,58717,2012-09-19 18:48:17,2012-09-19,desktop,0,gsearch,nonbrand,0,0,0,,0.0,0.0,0.0,0
27688,25408,control,58743,2012-09-19 19:45:06,2012-09-19,desktop,0,gsearch,nonbrand,0,0,0,,0.0,0.0,0.0,0
27702,25421,treatment,58768,2012-09-19 21:16:52,2012-09-19,mobile,0,gsearch,nonbrand,0,0,0,,0.0,0.0,0.0,0
27717,25434,treatment,58799,2012-09-19 22:34:51,2012-09-19,desktop,0,gsearch,nonbrand,0,0,1,980.0,49.99,0.0,49.99,0
27755,25469,control,58882,2012-09-20 05:06:47,2012-09-20,desktop,0,gsearch,nonbrand,0,0,1,981.0,49.99,0.0,49.99,0
27763,25476,treatment,58899,2012-09-20 06:15:24,2012-09-20,desktop,0,bsearch,nonbrand,0,0,1,982.0,49.99,0.0,49.99,0
27765,25478,treatment,58908,2012-09-20 06:58:31,2012-09-20,mobile,0,gsearch,nonbrand,0,0,0,,0.0,0.0,0.0,0
27767,25480,control,58915,2012-09-20 07:09:28,2012-09-20,desktop,0,gsearch,nonbrand,0,0,1,983.0,49.99,0.0,49.99,0
27770,17328,control,58926,2012-09-20 07:33:01,2012-09-20,desktop,1,gsearch,brand,0,0,0,,0.0,0.0,0.0,0
27778,25488,treatment,58947,2012-09-20 08:21:57,2012-09-20,desktop,0,gsearch,brand,0,0,0,,0.0,0.0,0.0,0
27782,25492,control,58960,2012-09-20 08:35:53,2012-09-20,desktop,0,bsearch,nonbrand,0,0,0,,0.0,0.0,0.0,0
27788,25497,treatment,58977,2012-09-20 08:52:47,2012-09-20,desktop,0,gsearch,nonbrand,0,0,0,,0.0,0.0,0.0,0
27790,18068,treatment,58985,2012-09-20 09:02:05,2012-09-20,desktop,1,,,0,0,0,,0.0,0.0,0.0,0
27802,25509,control,59012,2012-09-20 09:43:09,2012-09-20,desktop,0,gsearch,nonbrand,0,0,0,,0.0,0.0,0.0,0
27807,25513,treatment,59023,2012-09-20 10:02:25,2012-09-20,desktop,0,gsearch,nonbrand,0,0,1,984.0,49.99,49.99,0.0,1
27809,25515,treatment,59030,2012-09-20 10:08:54,2012-09-20,desktop,0,gsearch,nonbrand,0,0,1,985.0,49.99,0.0,49.99,0
27810,25516,treatment,59037,2012-09-20 10:14:37,2012-09-20,desktop,0,gsearch,nonbrand,0,0,1,986.0,49.99,0.0,49.99,0
27821,12079,treatment,59060,2012-09-20 10:49:04,2012-09-20,desktop,1,,,0,0,1,987.0,49.99,0.0,49.99,0
27827,25532,control,59088,2012-09-20 11:11:35,2012-09-20,desktop,0,bsearch,nonbrand,0,0,0,,0.0,0.0,0.0,0
27842,25545,control,59125,2012-09-20 12:03:31,2012-09-20,desktop,0,gsearch,nonbrand,0,0,0,,0.0,0.0,0.0,0
27888,25585,control,59213,2012-09-20 13:57:48,2012-09-20,desktop,0,gsearch,nonbrand,0,0,0,,0.0,0.0,0.0,0
27896,25592,control,59228,2012-09-20 14:09:20,2012-09-20,desktop,0,gsearch,nonbrand,0,0,0,,0.0,0.0,0.0,0
27904,25599,treatment,59245,2012-09-20 14:38:36,2012-09-20,mobile,0,gsearch,nonbrand,0,0,0,,0.0,0.0,0.0,0
27906,25600,treatment,59252,2012-09-20 14:47:41,2012-09-20,desktop,0,gsearch,nonbrand,0,0,1,988.0,49.99,49.99,0.0,1
27923,25615,treatment,59297,2012-09-20 15:34:27,2012-09-20,desktop,0,gsearch,nonbrand,0,0,1,989.0,49.99,0.0,49.99,0
27930,25622,treatment,59307,2012-09-20 15:44:50,2012-09-20,desktop,0,gsearch,nonbrand,0,0,1,990.0,49.99,0.0,49.99,0
27938,25628,control,59325,2012-09-20 16:04:28,2012-09-20,mobile,0,gsearch,nonbrand,0,0,1,991.0,49.99,0.0,49.99,0
27940,25630,control,59336,2012-09-20 16:14:20,2012-09-20,desktop,0,gsearch,nonbrand,0,0,1,992.0,49.99,0.0,49.99,0
27954,25643,treatment,59372,2012-09-20 16:59:40,2012-09-20,desktop,0,bsearch,nonbrand,0,0,0,,0.0,0.0,0.0,0
28003,25687,treatment,59445,2012-09-20 19:11:16,2012-09-20,desktop,0,gsearch,nonbrand,0,0,1,993.0,49.99,49.99,0.0,1
28024,25706,treatment,59486,2012-09-20 21:57:18,2012-09-20,mobile,0,,,0,0,1,994.0,49.99,0.0,49.99,0
28053,25732,treatment,59553,2012-09-21 01:59:23,2012-09-21,desktop,0,bsearch,brand,0,0,1,995.0,49.99,0.0,49.99,0
28063,25742,treatment,59578,2012-09-21 05:00:21,2012-09-21,desktop,0,gsearch,nonbrand,0,0,1,996.0,49.99,0.0,49.99,0
28069,25748,control,59591,2012-09-21 06:16:03,2012-09-21,desktop,0,bsearch,nonbrand,0,0,1,997.0,49.99,0.0,49.99,0
28084,25761,treatment,59625,2012-09-21 08:23:43,2012-09-21,desktop,0,bsearch,nonbrand,0,0,0,,0.0,0.0,0.0,0
28096,25772,control,59651,2012-09-21 09:17:36,2012-09-21,desktop,0,gsearch,nonbrand,0,0,0,,0.0,0.0,0.0,0
28121,25794,treatment,59702,2012-09-21 10:27:22,2012-09-21,mobile,0,bsearch,nonbrand,0,0,1,998.0,49.99,0.0,49.99,0
28123,25796,treatment,59703,2012-09-21 10:27:54,2012-09-21,desktop,0,bsearch,nonbrand,0,0,0,,0.0,0.0,0.0,0
28130,25803,control,59718,2012-09-21 10:45:42,2012-09-21,desktop,0,bsearch,nonbrand,0,0,0,,0.0,0.0,0.0,0
28146,25817,treatment,59753,2012-09-21 11:45:05,2012-09-21,desktop,0,gsearch,nonbrand,0,0,1,999.0,49.99,0.0,49.99,0
28158,25828,treatment,59780,2012-09-21 12:18:14,2012-09-21,desktop,0,gsearch,nonbrand,0,0,1,1000.0,49.99,0.0,49.99,0
28157,25827,treatment,59782,2012-09-21 12:19:00,2012-09-21,desktop,0,gsearch,nonbrand,0,0,1,1001.0,49.99,0.0,49.99,0
28182,25849,control,59840,2012-09-21 13:50:58,2012-09-21,desktop,0,gsearch,nonbrand,0,0,0,,0.0,0.0,0.0,0
28190,25855,treatment,59862,2012-09-21 14:12:44,2012-09-21,desktop,0,bsearch,nonbrand,0,0,1,1002.0,49.99,0.0,49.99,0
28218,25882,control,59919,2012-09-21 15:28:36,2012-09-21,desktop,0,bsearch,nonbrand,0,0,1,1003.0,49.99,0.0,49.99,0
28234,25896,treatment,59952,2012-09-21 16:05:28,2012-09-21,desktop,0,gsearch,nonbrand,0,0,1,1004.0,49.99,0.0,49.99,0
28272,18370,control,60013,2012-09-21 19:01:34,2012-09-21,desktop,1,gsearch,brand,0,0,0,,0.0,0.0,0.0,0
28276,25935,treatment,60026,2012-09-21 19:19:23,2012-09-21,desktop,0,bsearch,nonbrand,0,0,1,1005.0,49.99,0.0,49.99,0
28315,25966,treatment,60113,2012-09-22 00:36:49,2012-09-22,mobile,0,gsearch,nonbrand,0,0,0,,0.0,0.0,0.0,0
28319,25970,treatment,60125,2012-09-22 01:11:11,2012-09-22,desktop,0,gsearch,nonbrand,0,0,1,1006.0,49.99,49.99,0.0,1
28332,25981,treatment,60159,2012-09-22 05:02:17,2012-09-22,desktop,0,gsearch,nonbrand,0,0,0,,0.0,0.0,0.0,0
28352,21698,treatment,60196,2012-09-22 09:12:06,2012-09-22,desktop,1,bsearch,brand,0,0,1,1007.0,49.99,0.0,49.99,0
28354,25999,treatment,60204,2012-09-22 09:28:50,2012-09-22,desktop,0,bsearch,nonbrand,0,0,1,1008.0,49.99,0.0,49.99,0
28357,20444,control,60213,2012-09-22 09:48:17,2012-09-22,desktop,1,,,0,0,1,1009.0,49.99,0.0,49.99,0
28384,26025,treatment,60268,2012-09-22 12:52:50,2012-09-22,desktop,0,gsearch,nonbrand,0,0,0,,0.0,0.0,0.0,0
28383,26024,treatment,60270,2012-09-22 12:55:40,2012-09-22,desktop,0,bsearch,nonbrand,0,0,1,1010.0,49.99,0.0,49.99,0
28408,26047,treatment,60324,2012-09-22 15:46:07,2012-09-22,desktop,0,bsearch,nonbrand,0,0,0,,0.0,0.0,0.0,0
28411,26049,control,60328,2012-09-22 15:56:50,2012-09-22,desktop,0,gsearch,nonbrand,0,0,0,,0.0,0.0,0.0,0
28413,26051,treatment,60336,2012-09-22 16:10:36,2012-09-22,desktop,0,gsearch,nonbrand,0,0,1,1011.0,49.99,0.0,49.99,0
28425,26062,control,60367,2012-09-22 18:11:24,2012-09-22,desktop,0,gsearch,nonbrand,0,0,1,1012.0,49.99,0.0,49.99,0
28431,26067,control,60388,2012-09-22 19:44:24,2012-09-22,desktop,0,bsearch,nonbrand,0,0,1,1013.0,49.99,0.0,49.99,0
28435,15920,treatment,60402,2012-09-22 20:33:13,2012-09-22,desktop,1,gsearch,brand,0,0,1,1014.0,49.99,0.0,49.99,0
28438,26073,treatment,60410,2012-09-22 20:55:20,2012-09-22,desktop,0,gsearch,nonbrand,0,0,0,,0.0,0.0,0.0,0
28452,26087,control,60441,2012-09-22 23:41:30,2012-09-22,desktop,0,gsearch,nonbrand,0,0,0,,0.0,0.0,0.0,0
28487,25771,control,60508,2012-09-23 07:58:14,2012-09-23,desktop,1,,,0,0,1,1015.0,49.99,0.0,49.99,0
28492,26125,treatment,60520,2012-09-23 08:25:02,2012-09-23,desktop,0,bsearch,nonbrand,0,0,0,,0.0,0.0,0.0,0
28495,26128,control,60534,2012-09-23 09:32:24,2012-09-23,desktop,0,gsearch,nonbrand,0,0,1,1016.0,49.99,0.0,49.99,0
28522,19719,treatment,60591,2012-09-23 12:47:10,2012-09-23,desktop,1,gsearch,brand,0,0,1,1017.0,49.99,0.0,49.99,0
28523,26154,control,60602,2012-09-23 13:22:14,2012-09-23,desktop,0,gsearch,nonbrand,0,0,1,1018.0,49.99,0.0,49.99,0
28543,26172,control,60638,2012-09-23 15:32:12,2012-09-23,desktop,0,gsearch,nonbrand,0,0,0,,0.0,0.0,0.0,0
28558,26185,treatment,60671,2012-09-23 17:56:22,2012-09-23,desktop,0,gsearch,nonbrand,0,0,1,1019.0,49.99,0.0,49.99,0
28572,26195,control,60698,2012-09-23 19:43:48,2012-09-23,desktop,0,gsearch,nonbrand,0,0,1,1020.0,49.99,0.0,49.99,0
28586,26207,treatment,60739,2012-09-23 21:30:03,2012-09-23,desktop,0,gsearch,nonbrand,0,0,0,,0.0,0.0,0.0,0
28605,26224,control,60774,2012-09-23 23:47:08,2012-09-23,desktop,0,gsearch,nonbrand,0,0,1,1021.0,49.99,49.99,0.0,1
28607,20342,control,60784,2012-09-24 00:03:21,2012-09-24,desktop,1,,,0,0,0,,0.0,0.0,0.0,0
28624,26242,control,60825,2012-09-24 01:50:53,2012-09-24,desktop,0,gsearch,nonbrand,0,0,0,,0.0,0.0,0.0,0
28629,26247,control,60837,2012-09-24 02:34:37,2012-09-24,desktop,0,gsearch,nonbrand,0,0,0,,0.0,0.0,0.0,0
28634,26251,control,60845,2012-09-24 03:12:30,2012-09-24,desktop,0,gsearch,nonbrand,0,0,1,1022.0,49.99,0.0,49.99,0
28640,26257,treatment,60868,2012-09-24 04:05:45,2012-09-24,desktop,0,bsearch,nonbrand,0,0,0,,0.0,0.0,0.0,0
28659,26272,treatment,60899,2012-09-24 07:52:10,2012-09-24,desktop,0,gsearch,nonbrand,0,0,1,1023.0,49.99,0.0,49.99,0
28663,26276,treatment,60910,2012-09-24 08:21:16,2012-09-24,desktop,0,gsearch,nonbrand,0,0,1,1024.0,49.99,0.0,49.99,0
28666,26279,control,60921,2012-09-24 08:28:10,2012-09-24,mobile,0,gsearch,nonbrand,0,0,0,,0.0,0.0,0.0,0
28672,26284,control,60934,2012-09-24 08:46:19,2012-09-24,desktop,0,bsearch,nonbrand,0,0,1,1025.0,49.99,0.0,49.99,0
28680,26292,control,60950,2012-09-24 09:37:04,2012-09-24,mobile,0,gsearch,nonbrand,0,0,1,1026.0,49.99,0.0,49.99,0
28733,26338,control,61049,2012-09-24 12:36:31,2012-09-24,mobile,0,gsearch,nonbrand,0,0,1,1027.0,49.99,0.0,49.99,0
28740,26345,control,61061,2012-09-24 12:51:47,2012-09-24,desktop,0,bsearch,nonbrand,0,0,1,1028.0,49.99,0.0,49.99,0
28758,26361,control,61096,2012-09-24 14:17:17,2012-09-24,desktop,0,gsearch,nonbrand,0,0,1,1029.0,49.99,0.0,49.99,0
28770,26370,control,61135,2012-09-24 15:29:07,2012-09-24,desktop,0,gsearch,nonbrand,0,0,1,1030.0,49.99,0.0,49.99,0
28778,26377,control,61151,2012-09-24 16:01:57,2012-09-24,desktop,0,gsearch,nonbrand,0,0,0,,0.0,0.0,0.0,0
28809,26401,treatment,61204,2012-09-24 17:57:40,2012-09-24,desktop,0,gsearch,nonbrand,0,0,0,,0.0,0.0,0.0,0
28812,26404,control,61214,2012-09-24 18:12:35,2012-09-24,desktop,0,gsearch,nonbrand,0,0,1,1031.0,49.99,0.0,49.99,0
28827,26418,control,61242,2012-09-24 19:49:22,2012-09-24,desktop,0,gsearch,nonbrand,0,0,1,1032.0,49.99,0.0,49.99,0
28831,26420,treatment,61257,2012-09-24 20:03:46,2012-09-24,desktop,0,gsearch,nonbrand,0,0,0,,0.0,0.0,0.0,0
28838,23727,control,61271,2012-09-24 21:04:12,2012-09-24,desktop,1,gsearch,brand,0,0,1,1033.0,49.99,0.0,49.99,0
28843,26431,treatment,61290,2012-09-24 21:44:36,2012-09-24,desktop,0,gsearch,brand,0,0,1,1034.0,49.99,0.0,49.99,0
28865,26451,treatment,61349,2012-09-24 23:39:34,2012-09-24,desktop,0,bsearch,nonbrand,0,0,1,1035.0,49.99,0.0,49.99,0
28880,26462,treatment,61381,2012-09-25 02:50:56,2012-09-25,desktop,0,gsearch,nonbrand,0,0,0,,0.0,0.0,0.0,0
28898,26478,treatment,61415,2012-09-25 06:42:07,2012-09-25,desktop,0,bsearch,nonbrand,0,0,1,1036.0,49.99,49.99,0.0,1
28908,26488,treatment,61436,2012-09-25 08:24:09,2012-09-25,desktop,0,gsearch,nonbrand,0,0,1,1037.0,49.99,0.0,49.99,0
28915,26495,control,61448,2012-09-25 08:55:37,2012-09-25,desktop,0,,,0,0,0,,0.0,0.0,0.0,0
28916,26496,control,61458,2012-09-25 09:09:54,2012-09-25,desktop,0,bsearch,nonbrand,0,0,0,,0.0,0.0,0.0,0
28976,26554,control,61586,2012-09-25 12:28:36,2012-09-25,desktop,0,bsearch,nonbrand,0,0,1,1038.0,49.99,0.0,49.99,0
28981,26559,control,61605,2012-09-25 12:52:18,2012-09-25,desktop,0,gsearch,nonbrand,0,0,0,,0.0,0.0,0.0,0
28993,26571,treatment,61628,2012-09-25 13:23:11,2012-09-25,mobile,0,gsearch,nonbrand,0,0,0,,0.0,0.0,0.0,0
29019,26594,treatment,61684,2012-09-25 14:12:06,2012-09-25,desktop,0,gsearch,nonbrand,0,0,1,1039.0,49.99,0.0,49.99,0
29026,26601,treatment,61703,2012-09-25 14:46:48,2012-09-25,desktop,0,bsearch,nonbrand,0,0,1,1040.0,49.99,0.0,49.99,0
29037,26610,control,61727,2012-09-25 15:34:33,2012-09-25,mobile,0,gsearch,nonbrand,0,0,0,,0.0,0.0,0.0,0
29038,26611,treatment,61736,2012-09-25 15:45:35,2012-09-25,desktop,0,bsearch,nonbrand,0,0,1,1041.0,49.99,0.0,49.99,0
29044,26617,treatment,61760,2012-09-25 16:01:03,2012-09-25,desktop,0,gsearch,nonbrand,0,0,1,1042.0,49.99,0.0,49.99,0
29046,26619,treatment,61762,2012-09-25 16:01:37,2012-09-25,desktop,0,gsearch,nonbrand,0,0,0,,0.0,0.0,0.0,0
29043,26616,treatment,61772,2012-09-25 16:06:31,2012-09-25,desktop,0,bsearch,nonbrand,0,0,0,,0.0,0.0,0.0,0
29048,26621,control,61786,2012-09-25 16:14:29,2012-09-25,desktop,0,gsearch,nonbrand,0,0,0,,0.0,0.0,0.0,0
29052,26624,treatment,61789,2012-09-25 16:15:36,2012-09-25,desktop,0,gsearch,nonbrand,0,0,1,1044.0,49.99,0.0,49.99,0
29051,26623,treatment,61792,2012-09-25 16:17:27,2012-09-25,desktop,0,gsearch,nonbrand,0,0,1,1043.0,49.99,0.0,49.99,0
29093,26661,control,61862,2012-09-25 19:04:34,2012-09-25,desktop,0,gsearch,nonbrand,0,0,1,1045.0,49.99,0.0,49.99,0
29105,26671,treatment,61890,2012-09-25 20:05:01,2012-09-25,desktop,0,gsearch,nonbrand,0,0,1,1046.0,49.99,0.0,49.99,0
29116,26682,control,61911,2012-09-25 21:01:25,2012-09-25,desktop,0,gsearch,nonbrand,0,0,0,,0.0,0.0,0.0,0
29119,26685,control,61920,2012-09-25 21:14:52,2012-09-25,desktop,0,gsearch,nonbrand,0,0,1,1047.0,49.99,0.0,49.99,0
29132,26697,treatment,61945,2012-09-25 22:32:51,2012-09-25,mobile,0,gsearch,nonbrand,0,0,0,,0.0,0.0,0.0,0
29163,26724,control,62000,2012-09-26 04:02:43,2012-09-26,desktop,0,gsearch,nonbrand,0,0,1,1048.0,49.99,0.0,49.99,0
29170,26731,treatment,62018,2012-09-26 04:57:43,2012-09-26,desktop,0,gsearch,nonbrand,0,0,0,,0.0,0.0,0.0,0
29179,26740,treatment,62033,2012-09-26 06:30:53,2012-09-26,desktop,0,bsearch,nonbrand,0,0,0,,0.0,0.0,0.0,0
29199,26757,control,62093,2012-09-26 09:05:41,2012-09-26,desktop,0,bsearch,nonbrand,0,0,1,1049.0,49.99,0.0,49.99,0
29214,26770,treatment,62126,2012-09-26 10:11:27,2012-09-26,desktop,0,bsearch,nonbrand,0,0,0,,0.0,0.0,0.0,0
29216,26772,treatment,62134,2012-09-26 10:19:36,2012-09-26,desktop,0,bsearch,nonbrand,0,0,0,,0.0,0.0,0.0,0
29226,26780,treatment,62154,2012-09-26 10:52:55,2012-09-26,desktop,0,gsearch,nonbrand,0,0,1,1050.0,49.99,0.0,49.99,0
29233,26787,control,62171,2012-09-26 11:19:35,2012-09-26,desktop,0,gsearch,nonbrand,0,0,0,,0.0,0.0,0.0,0
29258,26809,treatment,62218,2012-09-26 12:42:20,2012-09-26,desktop,0,gsearch,nonbrand,0,0,0,,0.0,0.0,0.0,0
29255,26806,treatment,62225,2012-09-26 12:46:44,2012-09-26,desktop,0,gsearch,nonbrand,0,0,1,1051.0,49.99,0.0,49.99,0
29262,26813,treatment,62240,2012-09-26 13:04:21,2012-09-26,mobile,0,gsearch,nonbrand,0,0,1,1052.0,49.99,0.0,49.99,0
29265,26814,control,62244,2012-09-26 13:08:51,2012-09-26,desktop,0,gsearch,nonbrand,0,0,1,1053.0,49.99,0.0,49.99,0
29312,26857,treatment,62347,2012-09-26 15:52:31,2012-09-26,desktop,0,gsearch,nonbrand,0,0,1,1054.0,49.99,0.0,49.99,0
29313,26858,control,62360,2012-09-26 16:06:41,2012-09-26,desktop,0,gsearch,nonbrand,0,0,0,,0.0,0.0,0.0,0
29325,26868,treatment,62380,2012-09-26 16:20:19,2012-09-26,desktop,0,gsearch,nonbrand,0,0,0,,0.0,0.0,0.0,0
29348,26886,control,62431,2012-09-26 17:42:05,2012-09-26,desktop,0,bsearch,nonbrand,0,0,1,1055.0,49.99,0.0,49.99,0
29363,26899,control,62458,2012-09-26 18:45:42,2012-09-26,desktop,0,,,0,0,0,,0.0,0.0,0.0,0
29370,26905,control,62475,2012-09-26 19:12:31,2012-09-26,desktop,0,gsearch,nonbrand,0,0,1,1056.0,49.99,49.99,0.0,1
29384,24645,control,62510,2012-09-26 20:29:14,2012-09-26,desktop,1,,,0,0,1,1057.0,49.99,0.0,49.99,0
29386,14042,treatment,62519,2012-09-26 20:40:55,2012-09-26,desktop,1,bsearch,brand,0,0,1,1058.0,49.99,0.0,49.99,0
29423,26952,control,62586,2012-09-27 00:58:52,2012-09-27,desktop,0,gsearch,nonbrand,0,0,0,,0.0,0.0,0.0,0
29428,26957,treatment,62593,2012-09-27 01:10:13,2012-09-27,desktop,0,bsearch,nonbrand,0,0,1,1059.0,49.99,0.0,49.99,0
29439,26968,treatment,62627,2012-09-27 02:44:15,2012-09-27,desktop,0,bsearch,nonbrand,0,0,0,,0.0,0.0,0.0,0
29440,26969,treatment,62629,2012-09-27 02:45:30,2012-09-27,desktop,0,gsearch,nonbrand,0,0,1,1060.0,49.99,0.0,49.99,0
29445,26974,treatment,62647,2012-09-27 04:17:09,2012-09-27,desktop,0,bsearch,nonbrand,0,0,1,1061.0,49.99,0.0,49.99,0
29452,26979,control,62664,2012-09-27 06:15:56,2012-09-27,desktop,0,gsearch,nonbrand,0,0,0,,0.0,0.0,0.0,0
29459,26985,control,62681,2012-09-27 07:42:38,2012-09-27,desktop,0,gsearch,nonbrand,0,0,0,,0.0,0.0,0.0,0
29465,18801,control,62696,2012-09-27 08:25:44,2012-09-27,desktop,1,,,0,0,1,1062.0,49.99,0.0,49.99,0
29474,19208,treatment,62728,2012-09-27 09:21:06,2012-09-27,mobile,1,,,0,0,1,1063.0,49.99,49.99,0.0,1
29476,26999,control,62730,2012-09-27 09:22:52,2012-09-27,desktop,0,gsearch,nonbrand,0,0,0,,0.0,0.0,0.0,0
29490,18996,treatment,62760,2012-09-27 10:27:10,2012-09-27,desktop,1,gsearch,brand,0,0,1,1064.0,49.99,0.0,49.99,0
29492,27012,control,62767,2012-09-27 10:37:58,2012-09-27,desktop,0,gsearch,nonbrand,0,0,0,,0.0,0.0,0.0,0
29526,17840,control,62830,2012-09-27 12:10:39,2012-09-27,desktop,1,,,0,0,0,,0.0,0.0,0.0,0
29555,27068,control,62892,2012-09-27 14:03:06,2012-09-27,desktop,0,gsearch,nonbrand,0,0,1,1065.0,49.99,0.0,49.99,0
29589,27098,control,62959,2012-09-27 16:02:30,2012-09-27,desktop,0,gsearch,nonbrand,0,0,1,1066.0,49.99,0.0,49.99,0
29594,27103,control,62968,2012-09-27 16:21:26,2012-09-27,mobile,0,gsearch,nonbrand,0,0,0,,0.0,0.0,0.0,0
29615,27122,treatment,63026,2012-09-27 17:29:37,2012-09-27,desktop,0,gsearch,nonbrand,0,0,0,,0.0,0.0,0.0,0
29638,27143,control,63072,2012-09-27 19:02:08,2012-09-27,desktop,0,gsearch,nonbrand,0,0,0,,0.0,0.0,0.0,0
29660,27163,control,63121,2012-09-27 20:58:34,2012-09-27,desktop,0,gsearch,nonbrand,0,0,0,,0.0,0.0,0.0,0
29670,27172,control,63146,2012-09-27 21:55:58,2012-09-27,desktop,0,bsearch,nonbrand,0,0,1,1067.0,49.99,0.0,49.99,0
29674,19608,control,63166,2012-09-27 22:29:14,2012-09-27,desktop,1,,,0,0,1,1068.0,49.99,0.0,49.99,0
29686,27183,control,63194,2012-09-27 23:36:53,2012-09-27,mobile,0,gsearch,nonbrand,0,0,0,,0.0,0.0,0.0,0
29691,27188,treatment,63213,2012-09-27 23:50:42,2012-09-27,desktop,0,gsearch,nonbrand,0,0,0,,0.0,0.0,0.0,0
29703,27199,treatment,63237,2012-09-28 00:19:27,2012-09-28,desktop,0,gsearch,nonbrand,0,0,1,1069.0,49.99,49.99,0.0,1
29709,27204,control,63260,2012-09-28 01:38:30,2012-09-28,desktop,0,gsearch,nonbrand,0,0,0,,0.0,0.0,0.0,0
29711,27206,treatment,63267,2012-09-28 01:57:41,2012-09-28,desktop,0,gsearch,nonbrand,0,0,0,,0.0,0.0,0.0,0
29725,27217,control,63290,2012-09-28 04:50:58,2012-09-28,desktop,0,gsearch,nonbrand,0,0,1,1070.0,49.99,0.0,49.99,0
29739,27227,control,63327,2012-09-28 07:20:21,2012-09-28,desktop,0,gsearch,nonbrand,0,0,0,,0.0,0.0,0.0,0
29741,27229,control,63336,2012-09-28 07:35:40,2012-09-28,desktop,0,bsearch,nonbrand,0,0,1,1071.0,49.99,0.0,49.99,0
29768,12120,treatment,63389,2012-09-28 09:55:44,2012-09-28,desktop,1,gsearch,brand,0,0,0,,0.0,0.0,0.0,0
29774,27258,control,63410,2012-09-28 10:22:27,2012-09-28,desktop,0,gsearch,nonbrand,0,0,0,,0.0,0.0,0.0,0
29791,27273,control,63447,2012-09-28 11:32:05,2012-09-28,desktop,0,gsearch,nonbrand,0,0,1,1072.0,49.99,0.0,49.99,0
29810,27292,control,63490,2012-09-28 12:16:13,2012-09-28,mobile,0,gsearch,nonbrand,0,0,0,,0.0,0.0,0.0,0
29819,27301,control,63505,2012-09-28 12:53:36,2012-09-28,desktop,0,gsearch,nonbrand,0,0,0,,0.0,0.0,0.0,0
29824,27305,control,63519,2012-09-28 13:19:11,2012-09-28,desktop,0,gsearch,nonbrand,0,0,1,1073.0,49.99,0.0,49.99,0
29836,27316,control,63540,2012-09-28 14:00:40,2012-09-28,desktop,0,gsearch,nonbrand,0,0,1,1074.0,49.99,0.0,49.99,0
29835,27315,treatment,63546,2012-09-28 14:05:52,2012-09-28,desktop,0,gsearch,nonbrand,0,0,1,1075.0,49.99,0.0,49.99,0
29846,27325,treatment,63569,2012-09-28 14:28:47,2012-09-28,desktop,0,gsearch,nonbrand,0,0,1,1076.0,49.99,0.0,49.99,0
29860,27337,treatment,63594,2012-09-28 15:18:23,2012-09-28,desktop,0,bsearch,nonbrand,0,0,0,,0.0,0.0,0.0,0
29869,27346,control,63607,2012-09-28 15:51:59,2012-09-28,desktop,0,gsearch,nonbrand,0,0,0,,0.0,0.0,0.0,0
29873,27349,control,63621,2012-09-28 16:17:16,2012-09-28,desktop,0,gsearch,nonbrand,0,0,0,,0.0,0.0,0.0,0
29889,27363,treatment,63652,2012-09-28 17:12:40,2012-09-28,desktop,0,gsearch,nonbrand,0,0,0,,0.0,0.0,0.0,0
29894,27367,treatment,63662,2012-09-28 17:49:49,2012-09-28,desktop,0,bsearch,nonbrand,0,0,1,1077.0,49.99,0.0,49.99,0
29910,27381,control,63692,2012-09-28 19:40:37,2012-09-28,desktop,0,gsearch,nonbrand,0,0,0,,0.0,0.0,0.0,0
29915,27385,control,63705,2012-09-28 19:54:42,2012-09-28,desktop,0,gsearch,nonbrand,0,0,0,,0.0,0.0,0.0,0
29918,27388,control,63721,2012-09-28 20:10:22,2012-09-28,desktop,0,gsearch,nonbrand,0,0,1,1078.0,49.99,49.99,0.0,1
29920,27390,control,63725,2012-09-28 20:14:24,2012-09-28,desktop,0,bsearch,nonbrand,0,0,0,,0.0,0.0,0.0,0
29941,27411,treatment,63755,2012-09-28 22:14:25,2012-09-28,desktop,0,gsearch,nonbrand,0,0,0,,0.0,0.0,0.0,0
29960,27427,treatment,63793,2012-09-29 02:25:13,2012-09-29,desktop,0,bsearch,nonbrand,0,0,0,,0.0,0.0,0.0,0
29969,27435,control,63814,2012-09-29 03:23:33,2012-09-29,desktop,0,gsearch,nonbrand,0,0,0,,0.0,0.0,0.0,0
29993,27457,control,63873,2012-09-29 09:11:53,2012-09-29,desktop,0,gsearch,nonbrand,0,0,0,,0.0,0.0,0.0,0
30011,15793,control,63905,2012-09-29 12:42:00,2012-09-29,desktop,1,,,0,0,1,1079.0,49.99,0.0,49.99,0
30037,27496,treatment,63971,2012-09-29 16:45:30,2012-09-29,desktop,0,gsearch,nonbrand,0,0,1,1080.0,49.99,0.0,49.99,0
30040,27499,control,63982,2012-09-29 17:13:54,2012-09-29,desktop,0,gsearch,nonbrand,0,0,1,1081.0,49.99,0.0,49.99,0
30043,27501,treatment,63994,2012-09-29 17:28:15,2012-09-29,desktop,0,bsearch,nonbrand,0,0,1,1082.0,49.99,0.0,49.99,0
30059,27515,treatment,64022,2012-09-29 19:34:29,2012-09-29,desktop,0,gsearch,nonbrand,0,0,0,,0.0,0.0,0.0,0
30072,27527,treatment,64049,2012-09-29 22:47:04,2012-09-29,desktop,0,gsearch,nonbrand,0,0,1,1083.0,49.99,0.0,49.99,0
30078,27532,control,64063,2012-09-29 23:56:20,2012-09-29,desktop,0,bsearch,nonbrand,0,0,1,1084.0,49.99,0.0,49.99,0
30094,27547,control,64095,2012-09-30 03:58:57,2012-09-30,desktop,0,gsearch,nonbrand,0,0,1,1085.0,49.99,0.0,49.99,0
30109,27560,control,64130,2012-09-30 10:02:16,2012-09-30,desktop,0,gsearch,nonbrand,0,0,1,1086.0,49.99,0.0,49.99,0
30127,27578,control,64169,2012-09-30 13:34:23,2012-09-30,desktop,0,bsearch,nonbrand,0,0,1,1087.0,49.99,0.0,49.99,0
30133,27584,treatment,64182,2012-09-30 14:27:36,2012-09-30,mobile,0,gsearch,nonbrand,0,0,1,1088.0,49.99,0.0,49.99,0
30158,27605,treatment,64228,2012-09-30 17:59:06,2012-09-30,mobile,0,gsearch,nonbrand,0,0,0,,0.0,0.0,0.0,0
30166,27612,treatment,64247,2012-09-30 18:43:48,2012-09-30,desktop,0,bsearch,nonbrand,0,0,0,,0.0,0.0,0.0,0
30175,27621,treatment,64266,2012-09-30 20:16:21,2012-09-30,desktop,0,gsearch,nonbrand,0,0,1,1089.0,49.99,0.0,49.99,0
30176,27622,control,64270,2012-09-30 20:21:27,2012-09-30,desktop,0,gsearch,nonbrand,0,0,0,,0.0,0.0,0.0,0
30181,27627,treatment,64288,2012-09-30 21:14:20,2012-09-30,mobile,0,gsearch,nonbrand,0,0,1,1090.0,49.99,0.0,49.99,0
30192,27636,treatment,64310,2012-09-30 22:19:35,2012-09-30,desktop,0,gsearch,nonbrand,0,0,1,1091.0,49.99,0.0,49.99,0
30210,27654,treatment,64347,2012-10-01 00:21:46,2012-10-01,desktop,0,gsearch,nonbrand,0,0,0,,0.0,0.0,0.0,0
30214,27657,treatment,64357,2012-10-01 01:11:06,2012-10-01,desktop,0,gsearch,nonbrand,0,0,0,,0.0,0.0,0.0,0
30228,27671,treatment,64382,2012-10-01 03:10:50,2012-10-01,desktop,0,bsearch,nonbrand,0,0,1,1092.0,49.99,0.0,49.99,0
30234,27677,treatment,64399,2012-10-01 04:41:39,2012-10-01,desktop,0,bsearch,nonbrand,0,0,0,,0.0,0.0,0.0,0
30247,27690,treatment,64438,2012-10-01 07:45:37,2012-10-01,desktop,0,bsearch,nonbrand,0,0,1,1093.0,49.99,0.0,49.99,0
30253,27696,treatment,64447,2012-10-01 08:01:35,2012-10-01,mobile,0,gsearch,nonbrand,0,0,0,,0.0,0.0,0.0,0
30258,13846,control,64462,2012-10-01 08:37:27,2012-10-01,mobile,1,gsearch,brand,0,0,0,,0.0,0.0,0.0,0
30278,27718,control,64500,2012-10-01 10:02:21,2012-10-01,desktop,0,,,0,0,0,,0.0,0.0,0.0,0
30282,25089,control,64516,2012-10-01 10:31:20,2012-10-01,desktop,1,,,0,0,0,,0.0,0.0,0.0,0
30288,27724,control,64528,2012-10-01 10:48:17,2012-10-01,desktop,0,gsearch,nonbrand,0,0,0,,0.0,0.0,0.0,0
30290,27726,control,64541,2012-10-01 10:56:57,2012-10-01,desktop,0,gsearch,nonbrand,0,0,0,,0.0,0.0,0.0,0
30322,27757,control,64596,2012-10-01 12:50:57,2012-10-01,desktop,0,gsearch,nonbrand,0,0,0,,0.0,0.0,0.0,0
30340,27773,treatment,64629,2012-10-01 13:57:48,2012-10-01,desktop,0,gsearch,nonbrand,0,0,1,1094.0,49.99,0.0,49.99,0
30362,27792,treatment,64669,2012-10-01 15:19:26,2012-10-01,desktop,0,bsearch,nonbrand,0,0,1,1095.0,49.99,0.0,49.99,0
30363,27793,control,64676,2012-10-01 15:26:22,2012-10-01,desktop,0,gsearch,nonbrand,0,0,1,1096.0,49.99,0.0,49.99,0
30369,27799,treatment,64693,2012-10-01 15:57:23,2012-10-01,desktop,0,gsearch,nonbrand,0,0,1,1097.0,49.99,0.0,49.99,0
30377,27807,treatment,64709,2012-10-01 16:24:18,2012-10-01,desktop,0,gsearch,nonbrand,0,0,1,1098.0,49.99,0.0,49.99,0
30390,27819,control,64739,2012-10-01 16:53:09,2012-10-01,desktop,0,gsearch,nonbrand,0,0,1,1099.0,49.99,0.0,49.99,0
30397,27825,control,64758,2012-10-01 17:09:48,2012-10-01,desktop,0,gsearch,nonbrand,0,0,0,,0.0,0.0,0.0,0
30404,27832,control,64773,2012-10-01 17:23:08,2012-10-01,desktop,0,bsearch,nonbrand,0,0,0,,0.0,0.0,0.0,0
30419,19760,control,64800,2012-10-01 18:59:21,2012-10-01,desktop,1,,,0,0,1,1100.0,49.99,0.0,49.99,0
30466,24069,control,64883,2012-10-01 23:57:17,2012-10-01,desktop,1,bsearch,brand,0,0,1,1101.0,49.99,0.0,49.99,0
30468,27890,treatment,64892,2012-10-02 00:20:00,2012-10-02,desktop,0,gsearch,nonbrand,0,0,1,1102.0,49.99,0.0,49.99,0
30473,27894,control,64905,2012-10-02 01:02:27,2012-10-02,desktop,0,gsearch,nonbrand,0,0,0,,0.0,0.0,0.0,0
30524,27942,treatment,65013,2012-10-02 10:21:07,2012-10-02,mobile,0,gsearch,nonbrand,0,0,0,,0.0,0.0,0.0,0
30532,27949,treatment,65027,2012-10-02 10:46:53,2012-10-02,desktop,0,gsearch,nonbrand,0,0,1,1103.0,49.99,49.99,0.0,1
30533,27950,control,65037,2012-10-02 10:52:36,2012-10-02,desktop,0,gsearch,nonbrand,0,0,1,1104.0,49.99,0.0,49.99,0
30535,27952,treatment,65041,2012-10-02 10:54:58,2012-10-02,desktop,0,gsearch,nonbrand,0,0,1,1105.0,49.99,0.0,49.99,0
30536,27953,control,65051,2012-10-02 11:08:50,2012-10-02,desktop,0,,,0,0,1,1106.0,49.99,0.0,49.99,0
30549,27966,control,65083,2012-10-02 11:53:28,2012-10-02,desktop,0,bsearch,nonbrand,0,0,0,,0.0,0.0,0.0,0
30550,27967,control,65094,2012-10-02 12:03:20,2012-10-02,desktop,0,bsearch,nonbrand,0,0,1,1107.0,49.99,49.99,0.0,1
30565,27981,treatment,65134,2012-10-02 13:05:57,2012-10-02,desktop,0,bsearch,nonbrand,0,0,1,1108.0,49.99,0.0,49.99,0
30594,28006,treatment,65190,2012-10-02 15:00:31,2012-10-02,desktop,0,gsearch,nonbrand,0,0,1,1109.0,49.99,0.0,49.99,0
30597,28009,treatment,65196,2012-10-02 15:03:07,2012-10-02,desktop,0,bsearch,nonbrand,0,0,0,,0.0,0.0,0.0,0
30598,28010,treatment,65204,2012-10-02 15:09:15,2012-10-02,desktop,0,gsearch,nonbrand,0,0,1,1110.0,49.99,0.0,49.99,0
30604,28014,control,65217,2012-10-02 15:20:48,2012-10-02,desktop,0,gsearch,nonbrand,0,0,1,1111.0,49.99,0.0,49.99,0
30608,28018,control,65226,2012-10-02 15:31:05,2012-10-02,desktop,0,gsearch,nonbrand,0,0,1,1112.0,49.99,0.0,49.99,0
30617,28027,control,65249,2012-10-02 16:30:50,2012-10-02,desktop,0,gsearch,nonbrand,0,0,0,,0.0,0.0,0.0,0
30625,28034,treatment,65265,2012-10-02 16:44:48,2012-10-02,mobile,0,,,0,0,1,1113.0,49.99,0.0,49.99,0
30633,28041,control,65284,2012-10-02 17:04:38,2012-10-02,desktop,0,gsearch,nonbrand,0,0,1,1114.0,49.99,0.0,49.99,0
30634,28042,control,65294,2012-10-02 17:30:36,2012-10-02,mobile,0,gsearch,nonbrand,0,0,0,,0.0,0.0,0.0,0
30639,28047,control,65302,2012-10-02 17:49:24,2012-10-02,desktop,0,bsearch,nonbrand,0,0,0,,0.0,0.0,0.0,0
30654,28062,control,65329,2012-10-02 18:52:58,2012-10-02,desktop,0,bsearch,nonbrand,0,0,0,,0.0,0.0,0.0,0
30659,28067,treatment,65344,2012-10-02 19:25:44,2012-10-02,desktop,0,gsearch,nonbrand,0,0,1,1115.0,49.99,0.0,49.99,0
30673,28081,control,65377,2012-10-02 20:36:06,2012-10-02,desktop,0,gsearch,nonbrand,0,0,1,1116.0,49.99,0.0,49.99,0
30672,28080,control,65378,2012-10-02 20:36:55,2012-10-02,desktop,0,gsearch,nonbrand,0,0,0,,0.0,0.0,0.0,0
30677,28084,treatment,65391,2012-10-02 21:01:27,2012-10-02,desktop,0,,,0,0,0,,0.0,0.0,0.0,0
30681,28088,treatment,65400,2012-10-02 21:30:09,2012-10-02,desktop,0,gsearch,nonbrand,0,0,0,,0.0,0.0,0.0,0
30690,28097,treatment,65424,2012-10-02 22:39:56,2012-10-02,desktop,0,gsearch,nonbrand,0,0,1,1117.0,49.99,0.0,49.99,0
30694,28100,treatment,65437,2012-10-02 22:57:27,2012-10-02,mobile,0,gsearch,nonbrand,0,0,0,,0.0,0.0,0.0,0
30721,28125,treatment,65483,2012-10-03 04:20:00,2012-10-03,desktop,0,gsearch,nonbrand,0,0,1,1118.0,49.99,0.0,49.99,0
30737,28141,treatment,65515,2012-10-03 07:30:09,2012-10-03,desktop,0,bsearch,nonbrand,0,0,1,1119.0,49.99,0.0,49.99,0
30778,28173,control,65594,2012-10-03 11:01:53,2012-10-03,desktop,0,bsearch,nonbrand,0,0,0,,0.0,0.0,0.0,0
30793,28184,treatment,65626,2012-10-03 12:14:12,2012-10-03,desktop,0,gsearch,nonbrand,0,0,1,1120.0,49.99,0.0,49.99,0
30799,28187,control,65644,2012-10-03 12:32:20,2012-10-03,desktop,0,gsearch,nonbrand,0,0,1,1121.0,49.99,0.0,49.99,0
30814,11768,treatment,65673,2012-10-03 13:31:25,2012-10-03,desktop,1,,,0,0,1,1122.0,49.99,0.0,49.99,0
30833,28215,treatment,65718,2012-10-03 14:14:49,2012-10-03,desktop,0,gsearch,nonbrand,0,0,1,1123.0,49.99,49.99,0.0,1
30863,11889,control,65782,2012-10-03 15:22:44,2012-10-03,mobile,1,,,0,0,1,1124.0,49.99,0.0,49.99,0
30861,15763,treatment,65785,2012-10-03 15:26:00,2012-10-03,mobile,1,,,0,0,1,1125.0,49.99,0.0,49.99,0
30868,28246,treatment,65809,2012-10-03 15:49:09,2012-10-03,desktop,0,gsearch,nonbrand,0,0,1,1126.0,49.99,0.0,49.99,0
30886,13111,treatment,65837,2012-10-03 16:32:16,2012-10-03,desktop,1,,,0,0,1,1127.0,49.99,0.0,49.99,0
30920,28293,treatment,65899,2012-10-03 18:03:40,2012-10-03,desktop,0,bsearch,nonbrand,0,0,1,1128.0,49.99,0.0,49.99,0
30945,28316,control,65946,2012-10-03 19:57:45,2012-10-03,mobile,0,gsearch,nonbrand,0,0,0,,0.0,0.0,0.0,0
30964,28330,control,65986,2012-10-03 21:41:57,2012-10-03,desktop,0,bsearch,nonbrand,0,0,0,,0.0,0.0,0.0,0
30978,23241,treatment,66022,2012-10-03 23:21:38,2012-10-03,desktop,1,bsearch,brand,0,0,1,1129.0,49.99,49.99,0.0,1
31006,28368,treatment,66074,2012-10-04 05:25:41,2012-10-04,desktop,0,,,0,0,0,,0.0,0.0,0.0,0
31049,28408,control,66162,2012-10-04 09:36:19,2012-10-04,desktop,0,gsearch,nonbrand,0,0,0,,0.0,0.0,0.0,0
31072,28430,treatment,66198,2012-10-04 10:12:20,2012-10-04,desktop,0,gsearch,nonbrand,0,0,0,,0.0,0.0,0.0,0
31081,28436,control,66234,2012-10-04 10:58:14,2012-10-04,desktop,0,gsearch,nonbrand,0,0,0,,0.0,0.0,0.0,0
31089,28443,control,66249,2012-10-04 11:20:03,2012-10-04,desktop,0,bsearch,nonbrand,0,0,0,,0.0,0.0,0.0,0
31098,25315,control,66269,2012-10-04 11:33:53,2012-10-04,desktop,1,,,0,0,1,1130.0,49.99,0.0,49.99,0
31119,28470,control,66315,2012-10-04 12:38:22,2012-10-04,desktop,0,gsearch,nonbrand,0,0,0,,0.0,0.0,0.0,0
31135,28485,control,66352,2012-10-04 13:27:59,2012-10-04,desktop,0,gsearch,nonbrand,0,0,1,1131.0,49.99,0.0,49.99,0
31146,28494,control,66384,2012-10-04 14:21:23,2012-10-04,mobile,0,gsearch,nonbrand,0,0,0,,0.0,0.0,0.0,0
31173,28517,control,66444,2012-10-04 16:14:24,2012-10-04,desktop,0,gsearch,nonbrand,0,0,0,,0.0,0.0,0.0,0
31175,28519,treatment,66452,2012-10-04 16:27:26,2012-10-04,desktop,0,gsearch,nonbrand,0,0,1,1132.0,49.99,0.0,49.99,0
31187,28528,treatment,66486,2012-10-04 17:15:42,2012-10-04,desktop,0,gsearch,nonbrand,0,0,1,1133.0,49.99,0.0,49.99,0
31210,28548,treatment,66533,2012-10-04 18:31:37,2012-10-04,desktop,0,bsearch,nonbrand,0,0,0,,0.0,0.0,0.0,0
31232,28566,treatment,66579,2012-10-04 20:02:39,2012-10-04,desktop,0,gsearch,nonbrand,0,0,1,1134.0,49.99,0.0,49.99,0
31238,28572,control,66594,2012-10-04 20:36:35,2012-10-04,desktop,0,gsearch,nonbrand,0,0,0,,0.0,0.0,0.0,0
31252,28585,control,66621,2012-10-04 22:07:20,2012-10-04,desktop,0,gsearch,nonbrand,0,0,0,,0.0,0.0,0.0,0
31301,22237,treatment,66726,2012-10-05 06:14:37,2012-10-05,desktop,1,,,0,0,1,1135.0,49.99,0.0,49.99,0
31302,28629,control,66729,2012-10-05 06:17:21,2012-10-05,desktop,0,bsearch,nonbrand,0,0,0,,0.0,0.0,0.0,0
31305,28632,control,66737,2012-10-05 06:36:53,2012-10-05,desktop,0,gsearch,nonbrand,0,0,1,1136.0,49.99,0.0,49.99,0
31331,28656,control,66798,2012-10-05 09:53:39,2012-10-05,mobile,0,,,0,0,0,,0.0,0.0,0.0,0
31334,22066,control,66805,2012-10-05 09:59:19,2012-10-05,desktop,1,,,0,0,0,,0.0,0.0,0.0,0
31335,28659,treatment,66812,2012-10-05 10:03:33,2012-10-05,desktop,0,bsearch,nonbrand,0,0,0,,0.0,0.0,0.0,0
31340,28663,control,66818,2012-10-05 10:10:58,2012-10-05,desktop,0,gsearch,nonbrand,0,0,0,,0.0,0.0,0.0,0
31362,28684,treatment,66877,2012-10-05 11:57:18,2012-10-05,desktop,0,gsearch,nonbrand,0,0,0,,0.0,0.0,0.0,0
31363,28685,treatment,66879,2012-10-05 11:57:35,2012-10-05,mobile,0,gsearch,nonbrand,0,0,1,1137.0,49.99,0.0,49.99,0
31367,28689,treatment,66891,2012-10-05 12:09:52,2012-10-05,desktop,0,gsearch,nonbrand,0,0,0,,0.0,0.0,0.0,0
31364,28686,treatment,66897,2012-10-05 12:12:21,2012-10-05,desktop,0,gsearch,nonbrand,0,0,1,1138.0,49.99,0.0,49.99,0
31370,28691,control,66905,2012-10-05 12:22:35,2012-10-05,desktop,0,bsearch,nonbrand,0,0,0,,0.0,0.0,0.0,0
31375,28696,control,66918,2012-10-05 12:34:24,2012-10-05,desktop,0,bsearch,nonbrand,0,0,0,,0.0,0.0,0.0,0
31400,28720,control,66970,2012-10-05 14:17:23,2012-10-05,mobile,0,gsearch,nonbrand,0,0,0,,0.0,0.0,0.0,0
31402,28721,treatment,66974,2012-10-05 14:21:31,2012-10-05,desktop,0,gsearch,nonbrand,0,1,1,1139.0,49.99,0.0,49.99,0
31418,15924,control,67001,2012-10-05 14:53:50,2012-10-05,mobile,1,,,0,0,1,1140.0,49.99,0.0,49.99,0
31430,26295,control,67027,2012-10-05 15:32:05,2012-10-05,desktop,1,,,0,0,1,1141.0,49.99,0.0,49.99,0
31435,19005,control,67039,2012-10-05 15:53:49,2012-10-05,desktop,1,,,0,0,0,,0.0,0.0,0.0,0
31437,28746,control,67054,2012-10-05 16:08:43,2012-10-05,desktop,0,bsearch,nonbrand,0,0,1,1142.0,49.99,0.0,49.99,0
31448,28757,control,67074,2012-10-05 16:51:45,2012-10-05,desktop,0,bsearch,nonbrand,0,0,1,1143.0,49.99,0.0,49.99,0
31456,28763,treatment,67095,2012-10-05 17:30:15,2012-10-05,desktop,0,gsearch,nonbrand,0,0,1,1144.0,49.99,0.0,49.99,0
31467,28774,control,67116,2012-10-05 18:07:46,2012-10-05,desktop,0,gsearch,nonbrand,0,0,0,,0.0,0.0,0.0,0
31528,28829,control,67245,2012-10-06 03:33:58,2012-10-06,mobile,0,gsearch,nonbrand,0,0,1,1145.0,49.99,49.99,0.0,1
31534,28835,treatment,67258,2012-10-06 05:23:18,2012-10-06,mobile,0,gsearch,nonbrand,0,0,0,,0.0,0.0,0.0,0
31583,28882,treatment,67347,2012-10-06 13:27:58,2012-10-06,desktop,0,gsearch,nonbrand,0,0,1,1146.0,49.99,0.0,49.99,0
31593,28892,treatment,67376,2012-10-06 14:55:26,2012-10-06,mobile,0,gsearch,nonbrand,0,0,1,1147.0,49.99,0.0,49.99,0
31602,28900,treatment,67394,2012-10-06 16:22:45,2012-10-06,desktop,0,,,0,0,0,,0.0,0.0,0.0,0
31604,20301,treatment,67401,2012-10-06 16:33:57,2012-10-06,desktop,1,,,0,0,0,,0.0,0.0,0.0,0
31609,28905,control,67414,2012-10-06 18:15:27,2012-10-06,desktop,0,gsearch,nonbrand,0,0,1,1148.0,49.99,0.0,49.99,0
31611,28907,treatment,67422,2012-10-06 18:38:43,2012-10-06,desktop,0,gsearch,nonbrand,0,0,1,1149.0,49.99,0.0,49.99,0
31616,28911,control,67436,2012-10-06 20:37:11,2012-10-06,desktop,0,gsearch,nonbrand,0,0,1,1150.0,49.99,0.0,49.99,0
31624,25906,control,67453,2012-10-06 22:05:13,2012-10-06,desktop,1,,,0,0,0,,0.0,0.0,0.0,0
31627,28919,treatment,67464,2012-10-06 22:36:06,2012-10-06,desktop,0,bsearch,nonbrand,0,0,1,1151.0,49.99,0.0,49.99,0
31635,28924,control,67479,2012-10-07 00:20:01,2012-10-07,desktop,0,,,0,0,0,,0.0,0.0,0.0,0
31652,20457,treatment,67521,2012-10-07 05:59:03,2012-10-07,desktop,1,,,0,0,1,1152.0,49.99,0.0,49.99,0
31659,22162,treatment,67535,2012-10-07 08:33:17,2012-10-07,desktop,1,,,0,0,1,1153.0,49.99,0.0,49.99,0
31671,28956,treatment,67559,2012-10-07 12:29:50,2012-10-07,mobile,0,gsearch,nonbrand,0,0,1,1154.0,49.99,0.0,49.99,0
31692,28976,control,67597,2012-10-07 16:28:01,2012-10-07,mobile,0,gsearch,nonbrand,0,0,0,,0.0,0.0,0.0,0
31730,29006,control,67667,2012-10-07 22:48:42,2012-10-07,desktop,0,gsearch,nonbrand,0,0,0,,0.0,0.0,0.0,0
31757,29031,control,67729,2012-10-08 03:31:36,2012-10-08,desktop,0,gsearch,nonbrand,0,1,1,1155.0,49.99,0.0,49.99,0
31758,29032,control,67731,2012-10-08 03:32:33,2012-10-08,desktop,0,gsearch,nonbrand,0,0,0,,0.0,0.0,0.0,0
31773,29045,treatment,67761,2012-10-08 05:59:52,2012-10-08,desktop,0,gsearch,nonbrand,0,0,1,1156.0,49.99,0.0,49.99,0
31777,29049,control,67770,2012-10-08 06:29:44,2012-10-08,desktop,0,gsearch,nonbrand,0,0,1,1157.0,49.99,0.0,49.99,0
31779,29051,control,67781,2012-10-08 07:04:49,2012-10-08,desktop,0,gsearch,nonbrand,0,0,0,,0.0,0.0,0.0,0
31807,29077,control,67826,2012-10-08 10:02:30,2012-10-08,desktop,0,gsearch,nonbrand,0,0,1,1158.0,49.99,0.0,49.99,0
31810,29080,treatment,67833,2012-10-08 10:12:49,2012-10-08,desktop,0,bsearch,nonbrand,0,0,1,1159.0,49.99,0.0,49.99,0
31812,29082,control,67843,2012-10-08 10:28:30,2012-10-08,desktop,0,bsearch,nonbrand,0,0,0,,0.0,0.0,0.0,0
31825,29095,treatment,67875,2012-10-08 11:15:01,2012-10-08,desktop,0,bsearch,nonbrand,0,0,0,,0.0,0.0,0.0,0
31834,29103,treatment,67885,2012-10-08 11:30:42,2012-10-08,mobile,0,gsearch,nonbrand,0,0,0,,0.0,0.0,0.0,0
31872,29136,treatment,67962,2012-10-08 13:45:29,2012-10-08,desktop,0,gsearch,nonbrand,0,0,0,,0.0,0.0,0.0,0
31883,29146,treatment,67981,2012-10-08 14:20:25,2012-10-08,desktop,0,gsearch,nonbrand,0,0,1,1160.0,49.99,0.0,49.99,0
31889,29150,control,68001,2012-10-08 14:38:16,2012-10-08,desktop,0,gsearch,nonbrand,0,0,1,1161.0,49.99,0.0,49.99,0
31890,29151,treatment,68007,2012-10-08 14:44:21,2012-10-08,desktop,0,gsearch,nonbrand,0,0,1,1162.0,49.99,0.0,49.99,0
31891,29152,control,68011,2012-10-08 14:47:45,2012-10-08,desktop,0,bsearch,nonbrand,0,0,1,1163.0,49.99,0.0,49.99,0
31898,27997,treatment,68024,2012-10-08 15:03:43,2012-10-08,desktop,1,,,0,0,0,,0.0,0.0,0.0,0
31909,13303,treatment,68055,2012-10-08 15:32:13,2012-10-08,mobile,1,,,0,0,1,1164.0,49.99,0.0,49.99,0
31919,29175,treatment,68075,2012-10-08 15:59:37,2012-10-08,desktop,0,bsearch,nonbrand,0,0,1,1165.0,49.99,0.0,49.99,0
31922,29178,treatment,68083,2012-10-08 16:09:46,2012-10-08,desktop,0,gsearch,nonbrand,0,0,1,1166.0,49.99,0.0,49.99,0
31933,29186,control,68111,2012-10-08 16:56:27,2012-10-08,desktop,0,gsearch,nonbrand,0,0,0,,0.0,0.0,0.0,0
31936,29189,control,68117,2012-10-08 17:03:18,2012-10-08,desktop,0,gsearch,nonbrand,0,0,0,,0.0,0.0,0.0,0
31960,21507,control,68164,2012-10-08 18:16:06,2012-10-08,desktop,1,bsearch,brand,0,0,0,,0.0,0.0,0.0,0
31992,29240,treatment,68222,2012-10-08 20:32:15,2012-10-08,desktop,0,gsearch,nonbrand,0,0,1,1167.0,49.99,49.99,0.0,1
32014,24433,treatment,68264,2012-10-08 23:06:39,2012-10-08,desktop,1,,,0,1,0,,0.0,0.0,0.0,0
32018,29263,control,68279,2012-10-08 23:58:24,2012-10-08,desktop,0,gsearch,nonbrand,0,0,0,,0.0,0.0,0.0,0
32024,26643,control,68290,2012-10-09 01:20:20,2012-10-09,desktop,1,,,0,0,0,,0.0,0.0,0.0,0
32025,29269,control,68296,2012-10-09 01:32:37,2012-10-09,desktop,0,gsearch,nonbrand,0,0,0,,0.0,0.0,0.0,0
32034,29276,treatment,68319,2012-10-09 03:03:46,2012-10-09,desktop,0,gsearch,nonbrand,0,0,1,1168.0,49.99,0.0,49.99,0
32041,29282,treatment,68334,2012-10-09 05:40:36,2012-10-09,mobile,0,gsearch,nonbrand,0,0,0,,0.0,0.0,0.0,0
32053,22036,treatment,68369,2012-10-09 07:29:47,2012-10-09,desktop,1,gsearch,brand,0,0,0,,0.0,0.0,0.0,0
32065,29302,control,68394,2012-10-09 08:28:18,2012-10-09,desktop,0,gsearch,nonbrand,0,0,0,,0.0,0.0,0.0,0
32104,26800,control,68471,2012-10-09 11:03:43,2012-10-09,desktop,1,,,0,0,0,,0.0,0.0,0.0,0
32126,29353,treatment,68527,2012-10-09 12:26:55,2012-10-09,desktop,0,gsearch,nonbrand,0,0,0,,0.0,0.0,0.0,0
32128,29355,control,68532,2012-10-09 12:28:32,2012-10-09,desktop,0,gsearch,nonbrand,0,0,0,,0.0,0.0,0.0,0
32135,29361,control,68548,2012-10-09 12:48:39,2012-10-09,desktop,0,gsearch,nonbrand,0,0,1,1169.0,49.99,0.0,49.99,0
32146,29370,treatment,68572,2012-10-09 13:29:26,2012-10-09,desktop,0,gsearch,nonbrand,0,0,1,1170.0,49.99,0.0,49.99,0
32150,19738,treatment,68598,2012-10-09 13:46:36,2012-10-09,mobile,1,,,0,0,1,1171.0,49.99,0.0,49.99,0
32161,29383,treatment,68614,2012-10-09 13:53:52,2012-10-09,mobile,0,gsearch,nonbrand,0,0,0,,0.0,0.0,0.0,0
32163,29385,treatment,68626,2012-10-09 14:02:28,2012-10-09,desktop,0,gsearch,nonbrand,0,0,1,1172.0,49.99,0.0,49.99,0
32180,23586,control,68657,2012-10-09 14:49:28,2012-10-09,desktop,1,gsearch,brand,0,0,1,1173.0,49.99,0.0,49.99,0
32193,29410,treatment,68688,2012-10-09 15:21:25,2012-10-09,desktop,0,gsearch,nonbrand,0,0,0,,0.0,0.0,0.0,0
32208,29421,control,68726,2012-10-09 16:15:05,2012-10-09,desktop,0,gsearch,nonbrand,0,0,1,1174.0,49.99,0.0,49.99,0
32229,29440,control,68772,2012-10-09 17:05:13,2012-10-09,mobile,0,gsearch,nonbrand,0,0,0,,0.0,0.0,0.0,0
32244,29454,control,68809,2012-10-09 18:06:04,2012-10-09,desktop,0,gsearch,nonbrand,0,0,0,,0.0,0.0,0.0,0
32270,29475,treatment,68871,2012-10-09 20:02:15,2012-10-09,desktop,0,gsearch,nonbrand,0,0,0,,0.0,0.0,0.0,0
32278,28721,control,68891,2012-10-09 20:29:14,2012-10-09,desktop,1,gsearch,brand,0,1,1,1175.0,49.99,0.0,49.99,0
32316,19709,treatment,68961,2012-10-10 01:26:35,2012-10-10,desktop,1,,,0,0,1,1176.0,49.99,0.0,49.99,0
32329,29526,treatment,68993,2012-10-10 03:52:14,2012-10-10,desktop,0,bsearch,nonbrand,0,0,0,,0.0,0.0,0.0,0
32332,29528,control,69004,2012-10-10 04:11:11,2012-10-10,desktop,0,gsearch,nonbrand,0,0,1,1177.0,49.99,0.0,49.99,0
32376,29569,treatment,69111,2012-10-10 09:53:13,2012-10-10,desktop,0,bsearch,nonbrand,0,0,0,,0.0,0.0,0.0,0
32381,18843,control,69122,2012-10-10 09:57:25,2012-10-10,mobile,1,gsearch,brand,0,0,1,1178.0,49.99,0.0,49.99,0
32383,29575,treatment,69138,2012-10-10 10:05:25,2012-10-10,desktop,0,bsearch,nonbrand,0,0,0,,0.0,0.0,0.0,0
32388,19064,control,69144,2012-10-10 10:14:13,2012-10-10,desktop,1,,,0,0,0,,0.0,0.0,0.0,0
32400,27224,treatment,69170,2012-10-10 10:58:57,2012-10-10,desktop,1,gsearch,brand,0,0,1,1179.0,49.99,0.0,49.99,0
32404,29592,treatment,69186,2012-10-10 11:09:47,2012-10-10,desktop,0,bsearch,nonbrand,0,0,1,1180.0,49.99,0.0,49.99,0
32422,21925,treatment,69228,2012-10-10 11:56:37,2012-10-10,desktop,1,,,0,0,1,1181.0,49.99,0.0,49.99,0
32440,29624,control,69253,2012-10-10 12:25:21,2012-10-10,desktop,0,gsearch,nonbrand,0,0,1,1182.0,49.99,0.0,49.99,0
32442,29626,control,69264,2012-10-10 12:47:46,2012-10-10,desktop,0,bsearch,nonbrand,0,0,0,,0.0,0.0,0.0,0
32471,29653,control,69323,2012-10-10 14:34:00,2012-10-10,desktop,0,gsearch,nonbrand,0,0,0,,0.0,0.0,0.0,0
32472,17017,treatment,69338,2012-10-10 14:42:52,2012-10-10,mobile,1,,,0,0,0,,0.0,0.0,0.0,0
32473,17389,treatment,69341,2012-10-10 14:43:48,2012-10-10,desktop,1,,,0,0,1,1183.0,49.99,0.0,49.99,0
32493,29669,control,69367,2012-10-10 15:22:21,2012-10-10,mobile,0,gsearch,nonbrand,0,0,0,,0.0,0.0,0.0,0
32500,29675,treatment,69390,2012-10-10 15:50:22,2012-10-10,desktop,0,bsearch,nonbrand,0,0,1,1184.0,49.99,0.0,49.99,0
32514,29687,treatment,69415,2012-10-10 16:19:42,2012-10-10,desktop,0,gsearch,nonbrand,0,0,0,,0.0,0.0,0.0,0
32533,18471,treatment,69464,2012-10-10 17:37:49,2012-10-10,desktop,1,gsearch,brand,0,0,0,,0.0,0.0,0.0,0
32539,29705,control,69474,2012-10-10 17:44:03,2012-10-10,desktop,0,gsearch,nonbrand,0,0,1,1185.0,49.99,0.0,49.99,0
32558,29720,treatment,69509,2012-10-10 18:59:31,2012-10-10,desktop,0,bsearch,nonbrand,0,0,0,,0.0,0.0,0.0,0
32576,29735,control,69553,2012-10-10 20:33:20,2012-10-10,desktop,0,gsearch,nonbrand,0,0,0,,0.0,0.0,0.0,0
32586,29743,control,69575,2012-10-10 21:46:12,2012-10-10,mobile,0,gsearch,nonbrand,0,0,1,1186.0,49.99,0.0,49.99,0
32600,29755,treatment,69605,2012-10-10 23:09:14,2012-10-10,desktop,0,bsearch,nonbrand,0,0,0,,0.0,0.0,0.0,0
32607,29761,control,69627,2012-10-11 00:08:00,2012-10-11,desktop,0,gsearch,nonbrand,0,0,1,1187.0,49.99,0.0,49.99,0
32610,29764,treatment,69635,2012-10-11 00:44:53,2012-10-11,desktop,0,bsearch,nonbrand,0,0,1,1188.0,49.99,0.0,49.99,0
32612,29766,control,69649,2012-10-11 01:03:21,2012-10-11,desktop,0,gsearch,nonbrand,0,0,1,1189.0,49.99,0.0,49.99,0
32623,29774,control,69676,2012-10-11 02:21:57,2012-10-11,desktop,0,gsearch,nonbrand,0,0,0,,0.0,0.0,0.0,0
32629,29780,treatment,69695,2012-10-11 05:29:51,2012-10-11,desktop,0,gsearch,nonbrand,0,0,0,,0.0,0.0,0.0,0
32631,24572,control,69696,2012-10-11 05:31:08,2012-10-11,desktop,1,bsearch,brand,0,0,1,1190.0,49.99,0.0,49.99,0
32641,29790,control,69720,2012-10-11 06:40:21,2012-10-11,desktop,0,gsearch,nonbrand,0,0,1,1191.0,49.99,0.0,49.99,0
32650,17927,control,69742,2012-10-11 07:44:19,2012-10-11,desktop,1,gsearch,brand,0,0,1,1192.0,49.99,0.0,49.99,0
32659,29803,treatment,69766,2012-10-11 08:44:28,2012-10-11,mobile,0,gsearch,brand,0,0,0,,0.0,0.0,0.0,0
32715,29854,treatment,69884,2012-10-11 11:46:01,2012-10-11,desktop,0,gsearch,nonbrand,0,0,0,,0.0,0.0,0.0,0
32717,29856,treatment,69891,2012-10-11 11:52:09,2012-10-11,desktop,0,bsearch,nonbrand,0,0,1,1193.0,49.99,0.0,49.99,0
32738,29874,treatment,69920,2012-10-11 12:36:52,2012-10-11,desktop,0,gsearch,nonbrand,0,0,1,1194.0,49.99,0.0,49.99,0
32742,29877,control,69939,2012-10-11 13:02:49,2012-10-11,desktop,0,gsearch,nonbrand,0,0,1,1195.0,49.99,0.0,49.99,0
32754,29888,treatment,69955,2012-10-11 13:30:20,2012-10-11,desktop,0,gsearch,nonbrand,0,0,1,1196.0,49.99,0.0,49.99,0
32758,29892,treatment,69969,2012-10-11 13:56:36,2012-10-11,desktop,0,bsearch,nonbrand,0,0,1,1197.0,49.99,0.0,49.99,0
32763,28307,control,69985,2012-10-11 14:20:30,2012-10-11,desktop,1,,,0,0,1,1198.0,49.99,0.0,49.99,0
32771,29903,control,70011,2012-10-11 15:06:18,2012-10-11,desktop,0,bsearch,nonbrand,0,0,1,1199.0,49.99,0.0,49.99,0
32780,29911,control,70026,2012-10-11 15:16:40,2012-10-11,mobile,0,,,0,0,0,,0.0,0.0,0.0,0
32836,29962,control,70133,2012-10-11 18:50:37,2012-10-11,desktop,0,bsearch,nonbrand,0,0,1,1200.0,49.99,0.0,49.99,0
32851,25271,treatment,70167,2012-10-11 20:19:10,2012-10-11,desktop,1,,,0,0,1,1201.0,49.99,0.0,49.99,0
32858,29979,treatment,70187,2012-10-11 21:09:43,2012-10-11,desktop,0,gsearch,nonbrand,0,0,0,,0.0,0.0,0.0,0
32868,29989,treatment,70210,2012-10-11 21:59:33,2012-10-11,mobile,0,gsearch,nonbrand,0,0,1,1202.0,49.99,0.0,49.99,0
32885,30003,treatment,70253,2012-10-11 23:45:24,2012-10-11,desktop,0,bsearch,nonbrand,0,0,1,1203.0,49.99,0.0,49.99,0
32892,17720,treatment,70269,2012-10-12 01:14:48,2012-10-12,desktop,1,gsearch,brand,0,0,1,1204.0,49.99,0.0,49.99,0
32899,30015,control,70285,2012-10-12 02:26:52,2012-10-12,desktop,0,gsearch,nonbrand,0,0,1,1205.0,49.99,0.0,49.99,0
32910,21572,control,70314,2012-10-12 05:52:59,2012-10-12,mobile,1,,,0,0,0,,0.0,0.0,0.0,0
32915,30026,treatment,70326,2012-10-12 07:20:22,2012-10-12,mobile,0,gsearch,nonbrand,0,0,1,1206.0,49.99,0.0,49.99,0
32924,30033,treatment,70349,2012-10-12 08:12:31,2012-10-12,desktop,0,gsearch,nonbrand,0,0,1,1207.0,49.99,0.0,49.99,0
32961,30065,treatment,70422,2012-10-12 10:42:30,2012-10-12,desktop,0,gsearch,nonbrand,0,0,0,,0.0,0.0,0.0,0
32971,17876,treatment,70437,2012-10-12 11:06:52,2012-10-12,mobile,1,,,0,0,1,1208.0,49.99,0.0,49.99,0
32974,30077,treatment,70453,2012-10-12 11:19:29,2012-10-12,desktop,0,gsearch,nonbrand,0,0,1,1209.0,49.99,0.0,49.99,0
32985,30088,control,70468,2012-10-12 11:46:03,2012-10-12,desktop,0,gsearch,nonbrand,0,0,0,,0.0,0.0,0.0,0
33000,30102,treatment,70495,2012-10-12 12:25:19,2012-10-12,desktop,0,bsearch,nonbrand,0,0,1,1210.0,49.99,0.0,49.99,0
33001,30103,treatment,70503,2012-10-12 12:33:17,2012-10-12,desktop,0,gsearch,nonbrand,0,0,0,,0.0,0.0,0.0,0
33006,30108,control,70523,2012-10-12 13:02:30,2012-10-12,desktop,0,gsearch,nonbrand,0,0,0,,0.0,0.0,0.0,0
33010,30112,treatment,70531,2012-10-12 13:09:38,2012-10-12,desktop,0,bsearch,nonbrand,0,0,0,,0.0,0.0,0.0,0
33020,30119,treatment,70555,2012-10-12 13:27:04,2012-10-12,desktop,0,gsearch,nonbrand,0,0,1,1211.0,49.99,0.0,49.99,0
33051,30147,control,70613,2012-10-12 14:46:03,2012-10-12,desktop,0,bsearch,nonbrand,0,0,0,,0.0,0.0,0.0,0
33067,30162,treatment,70657,2012-10-12 15:51:47,2012-10-12,desktop,0,gsearch,nonbrand,0,0,1,1212.0,49.99,0.0,49.99,0
33073,30167,treatment,70668,2012-10-12 16:16:38,2012-10-12,mobile,0,gsearch,nonbrand,0,0,0,,0.0,0.0,0.0,0
33078,30172,treatment,70680,2012-10-12 16:30:09,2012-10-12,desktop,0,gsearch,nonbrand,0,0,1,1213.0,49.99,0.0,49.99,0
33096,30189,control,70711,2012-10-12 17:35:21,2012-10-12,desktop,0,bsearch,nonbrand,0,0,1,1214.0,49.99,0.0,49.99,0
33102,30193,treatment,70721,2012-10-12 17:51:25,2012-10-12,desktop,0,bsearch,nonbrand,0,0,1,1215.0,49.99,0.0,49.99,0
33106,30197,control,70746,2012-10-12 18:37:21,2012-10-12,desktop,0,gsearch,nonbrand,0,0,1,1217.0,49.99,0.0,49.99,0
33108,25319,treatment,70748,2012-10-12 18:39:26,2012-10-12,mobile,1,gsearch,brand,0,0,1,1216.0,49.99,0.0,49.99,0
33118,30207,treatment,70769,2012-10-12 19:19:24,2012-10-12,desktop,0,gsearch,nonbrand,0,0,1,1218.0,49.99,0.0,49.99,0
33133,30222,treatment,70798,2012-10-12 21:56:50,2012-10-12,desktop,0,gsearch,nonbrand,0,0,1,1219.0,49.99,0.0,49.99,0
33144,30229,control,70818,2012-10-13 00:08:16,2012-10-13,desktop,0,gsearch,brand,0,0,0,,0.0,0.0,0.0,0
33150,30235,treatment,70838,2012-10-13 01:01:49,2012-10-13,desktop,0,gsearch,nonbrand,0,0,0,,0.0,0.0,0.0,0
33157,30241,treatment,70856,2012-10-13 03:46:59,2012-10-13,desktop,0,bsearch,nonbrand,0,0,0,,0.0,0.0,0.0,0
33175,24475,control,70902,2012-10-13 09:18:41,2012-10-13,desktop,1,,,0,0,1,1220.0,49.99,0.0,49.99,0
33185,30266,control,70935,2012-10-13 11:19:37,2012-10-13,desktop,0,,,0,0,0,,0.0,0.0,0.0,0
33187,30268,control,70943,2012-10-13 11:35:49,2012-10-13,desktop,0,gsearch,nonbrand,0,0,1,1221.0,49.99,0.0,49.99,0
33189,30270,treatment,70950,2012-10-13 12:13:06,2012-10-13,desktop,0,gsearch,nonbrand,0,0,1,1222.0,49.99,49.99,0.0,1
33190,30271,treatment,70960,2012-10-13 12:50:25,2012-10-13,desktop,0,gsearch,nonbrand,0,0,1,1223.0,49.99,0.0,49.99,0
33224,30300,treatment,71026,2012-10-13 17:53:39,2012-10-13,mobile,0,gsearch,nonbrand,0,0,1,1224.0,49.99,0.0,49.99,0
33239,30313,control,71061,2012-10-13 20:33:23,2012-10-13,desktop,0,gsearch,nonbrand,0,0,0,,0.0,0.0,0.0,0
33240,30314,treatment,71063,2012-10-13 20:35:08,2012-10-13,desktop,0,bsearch,nonbrand,0,0,0,,0.0,0.0,0.0,0
33243,30316,control,71070,2012-10-13 21:03:22,2012-10-13,desktop,0,gsearch,nonbrand,0,0,0,,0.0,0.0,0.0,0
33315,30380,treatment,71203,2012-10-14 11:22:49,2012-10-14,mobile,0,bsearch,nonbrand,0,0,0,,0.0,0.0,0.0,0
33324,30388,control,71229,2012-10-14 12:45:24,2012-10-14,desktop,0,bsearch,nonbrand,0,0,1,1225.0,49.99,0.0,49.99,0
33330,30394,treatment,71242,2012-10-14 13:21:44,2012-10-14,mobile,0,gsearch,nonbrand,0,0,1,1226.0,49.99,49.99,0.0,1
33332,30396,control,71253,2012-10-14 13:50:17,2012-10-14,desktop,0,gsearch,nonbrand,0,0,0,,0.0,0.0,0.0,0
33340,30403,control,71276,2012-10-14 14:45:49,2012-10-14,desktop,0,gsearch,nonbrand,0,0,0,,0.0,0.0,0.0,0
33345,30408,treatment,71284,2012-10-14 14:59:53,2012-10-14,desktop,0,gsearch,nonbrand,0,0,0,,0.0,0.0,0.0,0
33358,30421,treatment,71310,2012-10-14 16:22:03,2012-10-14,desktop,0,bsearch,nonbrand,0,0,1,1227.0,49.99,49.99,0.0,1
33394,30451,control,71374,2012-10-14 20:51:53,2012-10-14,desktop,0,bsearch,nonbrand,0,0,1,1228.0,49.99,0.0,49.99,0
33395,30452,treatment,71386,2012-10-14 21:09:17,2012-10-14,desktop,0,gsearch,nonbrand,0,0,0,,0.0,0.0,0.0,0
33405,30461,control,71411,2012-10-14 21:50:20,2012-10-14,desktop,0,bsearch,nonbrand,0,0,1,1229.0,49.99,0.0,49.99,0
33404,25287,control,71414,2012-10-14 21:52:46,2012-10-14,desktop,1,,,0,0,0,,0.0,0.0,0.0,0
33414,30468,treatment,71433,2012-10-14 23:09:46,2012-10-14,desktop,0,gsearch,nonbrand,0,0,1,1230.0,49.99,0.0,49.99,0
33438,30490,control,71480,2012-10-15 01:38:25,2012-10-15,desktop,0,,,0,0,0,,0.0,0.0,0.0,0
33443,30495,treatment,71498,2012-10-15 02:44:53,2012-10-15,desktop,0,gsearch,nonbrand,0,0,1,1231.0,49.99,0.0,49.99,0
33460,30508,control,71534,2012-10-15 05:29:46,2012-10-15,desktop,0,gsearch,nonbrand,0,0,1,1232.0,49.99,0.0,49.99,0
33495,30540,treatment,71610,2012-10-15 09:15:55,2012-10-15,desktop,0,gsearch,nonbrand,0,0,1,1233.0,49.99,49.99,0.0,1
33494,30539,control,71612,2012-10-15 09:17:02,2012-10-15,desktop,0,gsearch,nonbrand,0,0,1,1234.0,49.99,0.0,49.99,0
33527,30570,control,71684,2012-10-15 10:56:13,2012-10-15,mobile,0,gsearch,nonbrand,0,0,0,,0.0,0.0,0.0,0
33538,30581,treatment,71706,2012-10-15 11:39:15,2012-10-15,mobile,0,gsearch,nonbrand,0,0,0,,0.0,0.0,0.0,0
33545,30587,treatment,71722,2012-10-15 11:58:24,2012-10-15,desktop,0,gsearch,nonbrand,0,0,1,1235.0,49.99,0.0,49.99,0
33548,30590,control,71735,2012-10-15 12:08:42,2012-10-15,desktop,0,gsearch,nonbrand,0,0,1,1236.0,49.99,0.0,49.99,0
33560,30601,treatment,71765,2012-10-15 12:37:29,2012-10-15,desktop,0,,,0,0,1,1237.0,49.99,0.0,49.99,0
33591,30630,control,71839,2012-10-15 14:21:59,2012-10-15,desktop,0,gsearch,nonbrand,0,0,1,1238.0,49.99,0.0,49.99,0
33595,30633,treatment,71846,2012-10-15 14:31:39,2012-10-15,mobile,0,gsearch,nonbrand,0,0,0,,0.0,0.0,0.0,0
33599,30081,treatment,71857,2012-10-15 14:45:56,2012-10-15,desktop,1,gsearch,brand,0,0,1,1239.0,49.99,0.0,49.99,0
33603,29031,treatment,71871,2012-10-15 14:58:03,2012-10-15,desktop,1,,,0,1,1,1240.0,49.99,0.0,49.99,0
33618,30652,control,71903,2012-10-15 15:29:16,2012-10-15,desktop,0,gsearch,nonbrand,0,0,1,1241.0,49.99,0.0,49.99,0
33621,30654,control,71915,2012-10-15 15:39:06,2012-10-15,desktop,0,gsearch,nonbrand,0,0,0,,0.0,0.0,0.0,0
33633,30665,control,71944,2012-10-15 16:03:58,2012-10-15,desktop,0,,,0,0,1,1242.0,49.99,0.0,49.99,0
33678,30707,treatment,72026,2012-10-15 18:17:59,2012-10-15,desktop,0,gsearch,nonbrand,0,0,0,,0.0,0.0,0.0,0
33690,20868,treatment,72049,2012-10-15 18:59:09,2012-10-15,mobile,1,,,0,0,0,,0.0,0.0,0.0,0
33694,30722,control,72060,2012-10-15 19:10:38,2012-10-15,desktop,0,bsearch,nonbrand,0,0,0,,0.0,0.0,0.0,0
33705,30732,control,72084,2012-10-15 19:42:15,2012-10-15,desktop,0,gsearch,nonbrand,0,0,0,,0.0,0.0,0.0,0
33722,27706,treatment,72124,2012-10-15 21:27:38,2012-10-15,desktop,1,gsearch,brand,0,0,1,1243.0,49.99,49.99,0.0,1
33750,30768,treatment,72183,2012-10-16 00:22:11,2012-10-16,desktop,0,gsearch,nonbrand,0,0,1,1244.0,49.99,0.0,49.99,0
33762,30779,control,72210,2012-10-16 01:43:04,2012-10-16,desktop,0,bsearch,nonbrand,0,0,1,1245.0,49.99,49.99,0.0,1
33767,30783,control,72225,2012-10-16 02:23:04,2012-10-16,mobile,0,bsearch,nonbrand,0,0,1,1246.0,49.99,0.0,49.99,0
33784,30799,control,72267,2012-10-16 05:22:24,2012-10-16,desktop,0,gsearch,nonbrand,0,0,0,,0.0,0.0,0.0,0
33787,29602,treatment,72278,2012-10-16 05:45:36,2012-10-16,desktop,1,,,0,0,1,1247.0,49.99,0.0,49.99,0
33802,30816,treatment,72319,2012-10-16 08:37:58,2012-10-16,desktop,0,bsearch,nonbrand,0,0,1,1248.0,49.99,0.0,49.99,0
33820,30832,control,72349,2012-10-16 10:08:36,2012-10-16,desktop,0,gsearch,nonbrand,0,0,1,1249.0,49.99,0.0,49.99,0
33828,30837,treatment,72373,2012-10-16 10:52:49,2012-10-16,desktop,0,bsearch,nonbrand,0,0,1,1250.0,49.99,0.0,49.99,0
33839,30848,control,72405,2012-10-16 11:28:12,2012-10-16,desktop,0,gsearch,nonbrand,0,0,0,,0.0,0.0,0.0,0
33842,30850,control,72411,2012-10-16 11:31:20,2012-10-16,desktop,0,gsearch,brand,0,0,1,1251.0,49.99,0.0,49.99,0
33851,30858,control,72440,2012-10-16 11:45:37,2012-10-16,desktop,0,gsearch,nonbrand,0,0,1,1252.0,49.99,0.0,49.99,0
33860,30865,control,72457,2012-10-16 11:58:18,2012-10-16,desktop,0,gsearch,nonbrand,0,0,1,1253.0,49.99,0.0,49.99,0
33884,30887,treatment,72499,2012-10-16 12:49:07,2012-10-16,desktop,0,gsearch,nonbrand,0,0,1,1254.0,49.99,0.0,49.99,0
33903,30904,treatment,72550,2012-10-16 13:59:47,2012-10-16,mobile,0,gsearch,nonbrand,0,0,1,1255.0,49.99,0.0,49.99,0
33959,30954,treatment,72664,2012-10-16 16:49:20,2012-10-16,desktop,0,gsearch,nonbrand,0,0,1,1256.0,49.99,0.0,49.99,0
33962,30957,control,72671,2012-10-16 16:54:41,2012-10-16,desktop,0,bsearch,nonbrand,0,0,1,1257.0,49.99,0.0,49.99,0
33969,30962,treatment,72685,2012-10-16 17:07:58,2012-10-16,desktop,0,gsearch,nonbrand,0,0,0,,0.0,0.0,0.0,0
33978,30969,treatment,72706,2012-10-16 17:36:41,2012-10-16,desktop,0,,,0,0,0,,0.0,0.0,0.0,0
34003,30992,control,72756,2012-10-16 19:18:23,2012-10-16,desktop,0,gsearch,nonbrand,0,0,0,,0.0,0.0,0.0,0
34026,31014,treatment,72805,2012-10-16 21:46:13,2012-10-16,desktop,0,gsearch,nonbrand,0,0,0,,0.0,0.0,0.0,0
34031,31019,treatment,72813,2012-10-16 21:53:23,2012-10-16,desktop,0,gsearch,nonbrand,0,0,1,1258.0,49.99,0.0,49.99,0
34042,20780,control,72844,2012-10-16 23:52:17,2012-10-16,mobile,1,,,0,0,1,1259.0,49.99,0.0,49.99,0
34058,31042,control,72876,2012-10-17 02:22:46,2012-10-17,desktop,0,bsearch,nonbrand,0,0,0,,0.0,0.0,0.0,0
34059,31043,control,72879,2012-10-17 02:26:03,2012-10-17,desktop,0,gsearch,nonbrand,0,0,1,1260.0,49.99,0.0,49.99,0
34071,31054,treatment,72913,2012-10-17 04:33:12,2012-10-17,desktop,0,gsearch,nonbrand,0,0,1,1261.0,49.99,0.0,49.99,0
34086,31067,treatment,72950,2012-10-17 07:19:00,2012-10-17,desktop,0,gsearch,nonbrand,0,0,1,1262.0,49.99,0.0,49.99,0
34110,31091,control,73005,2012-10-17 09:30:18,2012-10-17,desktop,0,gsearch,nonbrand,0,0,1,1263.0,49.99,0.0,49.99,0
34120,31101,treatment,73029,2012-10-17 09:59:43,2012-10-17,desktop,0,gsearch,nonbrand,0,0,1,1264.0,49.99,0.0,49.99,0
34125,31106,control,73045,2012-10-17 10:21:59,2012-10-17,desktop,0,gsearch,nonbrand,0,0,0,,0.0,0.0,0.0,0
34150,31128,control,73094,2012-10-17 11:47:12,2012-10-17,desktop,0,gsearch,nonbrand,0,0,0,,0.0,0.0,0.0,0
34167,31144,control,73131,2012-10-17 12:41:50,2012-10-17,desktop,0,bsearch,nonbrand,0,0,1,1265.0,49.99,0.0,49.99,0
34166,31143,control,73144,2012-10-17 12:49:53,2012-10-17,desktop,0,gsearch,nonbrand,0,0,0,,0.0,0.0,0.0,0
34179,31155,control,73177,2012-10-17 13:12:06,2012-10-17,mobile,0,gsearch,nonbrand,0,0,0,,0.0,0.0,0.0,0
34183,31158,control,73183,2012-10-17 13:17:57,2012-10-17,desktop,0,bsearch,nonbrand,0,0,1,1266.0,49.99,0.0,49.99,0
34193,31168,control,73209,2012-10-17 13:49:23,2012-10-17,desktop,0,bsearch,nonbrand,0,0,1,1267.0,49.99,49.99,0.0,1
34197,20603,treatment,73223,2012-10-17 14:01:49,2012-10-17,desktop,1,,,0,0,0,,0.0,0.0,0.0,0
34214,31183,control,73258,2012-10-17 14:53:53,2012-10-17,desktop,0,gsearch,nonbrand,0,0,0,,0.0,0.0,0.0,0
34232,31199,treatment,73293,2012-10-17 15:17:25,2012-10-17,desktop,0,gsearch,nonbrand,0,0,0,,0.0,0.0,0.0,0
34249,27738,control,73329,2012-10-17 16:07:06,2012-10-17,mobile,1,,,0,0,1,1268.0,49.99,0.0,49.99,0
34271,31234,treatment,73372,2012-10-17 17:02:30,2012-10-17,desktop,0,gsearch,nonbrand,0,0,1,1269.0,49.99,0.0,49.99,0
34273,16239,treatment,73377,2012-10-17 17:07:07,2012-10-17,desktop,1,gsearch,brand,0,0,0,,0.0,0.0,0.0,0
34287,31246,treatment,73405,2012-10-17 17:52:11,2012-10-17,desktop,0,gsearch,nonbrand,0,0,0,,0.0,0.0,0.0,0
34302,31260,treatment,73447,2012-10-17 18:56:28,2012-10-17,desktop,0,gsearch,nonbrand,0,0,1,1270.0,49.99,0.0,49.99,0
34317,31274,treatment,73477,2012-10-17 19:38:53,2012-10-17,desktop,0,gsearch,nonbrand,0,0,1,1271.0,49.99,49.99,0.0,1
34322,31279,control,73498,2012-10-17 19:53:33,2012-10-17,desktop,0,bsearch,nonbrand,0,0,1,1272.0,49.99,0.0,49.99,0
34324,31281,control,73499,2012-10-17 19:53:51,2012-10-17,desktop,0,bsearch,nonbrand,0,0,1,1273.0,49.99,0.0,49.99,0
34321,31278,control,73500,2012-10-17 19:54:29,2012-10-17,desktop,0,gsearch,nonbrand,0,0,0,,0.0,0.0,0.0,0
34338,19569,treatment,73528,2012-10-17 20:31:11,2012-10-17,desktop,1,,,0,0,0,,0.0,0.0,0.0,0
34341,31294,treatment,73537,2012-10-17 20:59:44,2012-10-17,desktop,0,bsearch,nonbrand,0,0,1,1274.0,49.99,49.99,0.0,1
34348,31300,treatment,73565,2012-10-17 21:32:35,2012-10-17,desktop,0,bsearch,nonbrand,0,0,1,1275.0,49.99,0.0,49.99,0
34356,27217,control,73586,2012-10-17 22:03:06,2012-10-17,desktop,1,,,0,0,0,,0.0,0.0,0.0,0
34380,31327,control,73633,2012-10-18 00:14:10,2012-10-18,desktop,0,gsearch,nonbrand,0,0,0,,0.0,0.0,0.0,0
34396,31341,treatment,73670,2012-10-18 02:01:27,2012-10-18,desktop,0,gsearch,nonbrand,0,0,0,,0.0,0.0,0.0,0
34404,31349,control,73684,2012-10-18 02:29:00,2012-10-18,mobile,0,gsearch,nonbrand,0,0,1,1276.0,49.99,0.0,49.99,0
34408,31353,treatment,73695,2012-10-18 02:49:56,2012-10-18,desktop,0,gsearch,nonbrand,0,0,0,,0.0,0.0,0.0,0
34424,31368,control,73730,2012-10-18 06:27:44,2012-10-18,desktop,0,bsearch,nonbrand,0,0,0,,0.0,0.0,0.0,0
34425,23939,treatment,73735,2012-10-18 06:34:34,2012-10-18,mobile,1,gsearch,brand,0,0,1,1277.0,49.99,0.0,49.99,0
34431,31373,treatment,73762,2012-10-18 07:17:43,2012-10-18,desktop,0,bsearch,nonbrand,0,0,1,1278.0,49.99,0.0,49.99,0
34439,31380,treatment,73773,2012-10-18 07:42:06,2012-10-18,desktop,0,gsearch,nonbrand,0,0,1,1279.0,49.99,49.99,0.0,1
34446,19657,treatment,73791,2012-10-18 08:11:04,2012-10-18,desktop,1,,,0,0,0,,0.0,0.0,0.0,0
34463,31403,control,73835,2012-10-18 09:12:24,2012-10-18,desktop,0,gsearch,nonbrand,0,0,1,1281.0,49.99,0.0,49.99,0
34464,31404,treatment,73836,2012-10-18 09:12:47,2012-10-18,desktop,0,gsearch,nonbrand,0,0,1,1280.0,49.99,0.0,49.99,0
34479,18339,treatment,73867,2012-10-18 10:07:30,2012-10-18,mobile,1,,,0,0,1,1282.0,49.99,0.0,49.99,0
34483,31421,control,73876,2012-10-18 10:18:14,2012-10-18,desktop,0,gsearch,nonbrand,0,0,1,1283.0,49.99,49.99,0.0,1
34500,31438,treatment,73910,2012-10-18 11:03:07,2012-10-18,desktop,0,gsearch,nonbrand,0,0,1,1284.0,49.99,0.0,49.99,0
34508,31446,treatment,73933,2012-10-18 11:28:01,2012-10-18,desktop,0,bsearch,nonbrand,0,0,0,,0.0,0.0,0.0,0
34521,31459,treatment,73959,2012-10-18 12:06:19,2012-10-18,desktop,0,bsearch,nonbrand,0,0,1,1285.0,49.99,0.0,49.99,0
34522,31460,control,73961,2012-10-18 12:07:36,2012-10-18,desktop,0,gsearch,nonbrand,0,0,0,,0.0,0.0,0.0,0
34527,31464,control,73976,2012-10-18 12:16:12,2012-10-18,desktop,0,gsearch,nonbrand,0,0,0,,0.0,0.0,0.0,0
34536,31473,treatment,73999,2012-10-18 12:37:08,2012-10-18,desktop,0,gsearch,nonbrand,0,0,0,,0.0,0.0,0.0,0
34566,31502,treatment,74060,2012-10-18 13:30:46,2012-10-18,desktop,0,gsearch,nonbrand,0,0,1,1286.0,49.99,0.0,49.99,0
34568,31504,treatment,74073,2012-10-18 13:34:04,2012-10-18,desktop,0,bsearch,nonbrand,0,0,0,,0.0,0.0,0.0,0
34567,31503,treatment,74076,2012-10-18 13:35:00,2012-10-18,desktop,0,gsearch,nonbrand,0,0,1,1287.0,49.99,0.0,49.99,0
34574,14289,control,74082,2012-10-18 13:37:49,2012-10-18,desktop,1,gsearch,brand,0,0,1,1288.0,49.99,0.0,49.99,0
34593,31527,control,74116,2012-10-18 14:28:34,2012-10-18,desktop,0,,,0,0,0,,0.0,0.0,0.0,0
34605,31539,treatment,74136,2012-10-18 14:57:36,2012-10-18,desktop,0,gsearch,nonbrand,0,0,1,1289.0,49.99,0.0,49.99,0
34612,31546,control,74153,2012-10-18 15:23:20,2012-10-18,desktop,0,bsearch,nonbrand,0,0,0,,0.0,0.0,0.0,0
34657,31589,control,74227,2012-10-18 17:03:32,2012-10-18,mobile,0,gsearch,nonbrand,0,0,0,,0.0,0.0,0.0,0
34662,31594,control,74247,2012-10-18 17:19:56,2012-10-18,desktop,0,gsearch,nonbrand,0,0,0,,0.0,0.0,0.0,0
34663,31595,control,74248,2012-10-18 17:21:48,2012-10-18,desktop,0,bsearch,nonbrand,0,0,1,1290.0,49.99,0.0,49.99,0
34680,25930,treatment,74285,2012-10-18 18:37:50,2012-10-18,mobile,1,,,0,0,0,,0.0,0.0,0.0,0
34692,31623,control,74306,2012-10-18 19:24:43,2012-10-18,desktop,0,gsearch,nonbrand,0,0,0,,0.0,0.0,0.0,0
34707,31636,treatment,74347,2012-10-18 20:34:20,2012-10-18,desktop,0,gsearch,nonbrand,0,0,1,1291.0,49.99,0.0,49.99,0
34710,31639,control,74350,2012-10-18 20:37:09,2012-10-18,desktop,0,gsearch,nonbrand,0,0,1,1292.0,49.99,0.0,49.99,0
34715,31644,control,74367,2012-10-18 21:04:47,2012-10-18,desktop,0,gsearch,nonbrand,0,0,1,1293.0,49.99,0.0,49.99,0
34718,31647,control,74380,2012-10-18 21:22:00,2012-10-18,desktop,0,gsearch,nonbrand,0,0,1,1294.0,49.99,0.0,49.99,0
34724,31653,control,74391,2012-10-18 21:42:33,2012-10-18,desktop,0,gsearch,nonbrand,0,0,1,1295.0,49.99,0.0,49.99,0
34727,31656,control,74415,2012-10-18 22:02:10,2012-10-18,mobile,0,gsearch,brand,0,0,0,,0.0,0.0,0.0,0
34751,31680,treatment,74461,2012-10-18 23:39:51,2012-10-18,desktop,0,gsearch,nonbrand,0,0,1,1296.0,49.99,0.0,49.99,0
34754,31683,treatment,74467,2012-10-18 23:52:59,2012-10-18,desktop,0,gsearch,nonbrand,0,0,1,1297.0,49.99,0.0,49.99,0
34772,31700,control,74505,2012-10-19 01:52:05,2012-10-19,desktop,0,gsearch,nonbrand,0,0,0,,0.0,0.0,0.0,0
34784,25574,control,74533,2012-10-19 03:55:05,2012-10-19,desktop,1,,,0,0,0,,0.0,0.0,0.0,0
34814,31737,control,74587,2012-10-19 08:17:17,2012-10-19,mobile,0,gsearch,nonbrand,0,0,0,,0.0,0.0,0.0,0
34817,31740,control,74600,2012-10-19 08:44:50,2012-10-19,desktop,0,gsearch,nonbrand,0,0,1,1298.0,49.99,0.0,49.99,0
34819,31742,treatment,74605,2012-10-19 08:50:54,2012-10-19,desktop,0,bsearch,nonbrand,0,0,1,1299.0,49.99,0.0,49.99,0
34833,31755,control,74639,2012-10-19 09:38:19,2012-10-19,mobile,0,gsearch,nonbrand,0,0,0,,0.0,0.0,0.0,0
34848,31769,control,74668,2012-10-19 10:34:58,2012-10-19,mobile,0,gsearch,nonbrand,0,0,1,1300.0,49.99,0.0,49.99,0
34862,31782,control,74711,2012-10-19 11:21:21,2012-10-19,desktop,0,bsearch,nonbrand,0,0,0,,0.0,0.0,0.0,0
34868,31785,treatment,74725,2012-10-19 11:34:14,2012-10-19,desktop,0,gsearch,nonbrand,0,0,1,1301.0,49.99,0.0,49.99,0
34876,31793,treatment,74738,2012-10-19 12:01:18,2012-10-19,desktop,0,gsearch,nonbrand,0,0,1,1302.0,49.99,0.0,49.99,0
34889,31805,treatment,74765,2012-10-19 12:43:15,2012-10-19,desktop,0,gsearch,nonbrand,0,0,1,1303.0,49.99,0.0,49.99,0
34897,31813,control,74783,2012-10-19 13:01:22,2012-10-19,desktop,0,gsearch,brand,0,0,0,,0.0,0.0,0.0,0
34905,31820,control,74793,2012-10-19 13:17:58,2012-10-19,desktop,0,gsearch,nonbrand,0,0,0,,0.0,0.0,0.0,0
34906,31821,treatment,74802,2012-10-19 13:30:10,2012-10-19,desktop,0,bsearch,nonbrand,0,0,1,1304.0,49.99,0.0,49.99,0
34928,31842,treatment,74848,2012-10-19 14:23:37,2012-10-19,desktop,0,,,0,0,1,1305.0,49.99,0.0,49.99,0
34932,31846,treatment,74869,2012-10-19 14:34:53,2012-10-19,desktop,0,gsearch,nonbrand,0,0,1,1306.0,49.99,0.0,49.99,0
34936,31849,control,74871,2012-10-19 14:37:23,2012-10-19,desktop,0,gsearch,nonbrand,0,0,0,,0.0,0.0,0.0,0
34937,31850,control,74878,2012-10-19 14:46:05,2012-10-19,desktop,0,bsearch,nonbrand,0,0,1,1307.0,49.99,0.0,49.99,0
34944,23084,treatment,74902,2012-10-19 15:14:22,2012-10-19,desktop,1,,,0,0,1,1308.0,49.99,0.0,49.99,0
34953,31864,treatment,74922,2012-10-19 15:31:02,2012-10-19,desktop,0,gsearch,nonbrand,0,0,0,,0.0,0.0,0.0,0
34961,31872,control,74938,2012-10-19 15:52:52,2012-10-19,desktop,0,gsearch,nonbrand,0,0,1,1309.0,49.99,0.0,49.99,0
34972,31882,control,74956,2012-10-19 16:15:28,2012-10-19,desktop,0,gsearch,nonbrand,0,0,0,,0.0,0.0,0.0,0
34976,31886,treatment,74973,2012-10-19 16:28:24,2012-10-19,desktop,0,gsearch,nonbrand,0,0,1,1310.0,49.99,0.0,49.99,0
34998,31907,treatment,75025,2012-10-19 17:06:14,2012-10-19,desktop,0,gsearch,nonbrand,0,0,1,1311.0,49.99,0.0,49.99,0
35000,31908,treatment,75029,2012-10-19 17:09:24,2012-10-19,desktop,0,gsearch,nonbrand,0,0,1,1312.0,49.99,0.0,49.99,0
35015,31922,treatment,75061,2012-10-19 18:24:38,2012-10-19,desktop,0,gsearch,nonbrand,0,0,1,1313.0,49.99,0.0,49.99,0
35020,31927,control,75078,2012-10-19 18:49:04,2012-10-19,desktop,0,,,0,0,0,,0.0,0.0,0.0,0
35056,31962,control,75140,2012-10-19 22:06:07,2012-10-19,desktop,0,,,0,0,0,,0.0,0.0,0.0,0
35063,31968,treatment,75155,2012-10-19 22:44:47,2012-10-19,desktop,0,gsearch,nonbrand,0,0,0,,0.0,0.0,0.0,0
35100,32003,treatment,75226,2012-10-20 06:57:47,2012-10-20,desktop,0,bsearch,nonbrand,0,0,0,,0.0,0.0,0.0,0
35106,32009,control,75245,2012-10-20 09:14:54,2012-10-20,desktop,0,bsearch,nonbrand,0,0,1,1314.0,49.99,0.0,49.99,0
35112,32014,treatment,75257,2012-10-20 09:58:48,2012-10-20,desktop,0,gsearch,nonbrand,0,0,1,1315.0,49.99,0.0,49.99,0
35115,32017,control,75268,2012-10-20 10:16:50,2012-10-20,desktop,0,gsearch,nonbrand,0,0,0,,0.0,0.0,0.0,0
35143,32042,control,75328,2012-10-20 14:24:56,2012-10-20,desktop,0,bsearch,nonbrand,0,0,1,1316.0,49.99,0.0,49.99,0
35180,32076,treatment,75401,2012-10-20 18:01:35,2012-10-20,mobile,0,gsearch,nonbrand,0,0,1,1317.0,49.99,0.0,49.99,0
35184,32080,control,75413,2012-10-20 19:25:38,2012-10-20,desktop,0,bsearch,nonbrand,0,0,0,,0.0,0.0,0.0,0
35210,32104,control,75467,2012-10-20 22:57:57,2012-10-20,desktop,0,bsearch,brand,0,0,0,,0.0,0.0,0.0,0
35228,22110,treatment,75506,2012-10-21 01:56:02,2012-10-21,desktop,1,gsearch,brand,0,0,1,1318.0,49.99,49.99,0.0,1
35247,32138,treatment,75542,2012-10-21 07:47:27,2012-10-21,desktop,0,gsearch,nonbrand,0,0,0,,0.0,0.0,0.0,0
35257,32148,treatment,75567,2012-10-21 09:38:14,2012-10-21,desktop,0,gsearch,nonbrand,0,0,0,,0.0,0.0,0.0,0
35261,30469,control,75582,2012-10-21 10:33:45,2012-10-21,mobile,1,,,0,0,0,,0.0,0.0,0.0,0
35274,29394,control,75610,2012-10-21 12:15:27,2012-10-21,mobile,1,,,0,0,0,,0.0,0.0,0.0,0
35285,32174,control,75637,2012-10-21 13:39:02,2012-10-21,desktop,0,bsearch,nonbrand,0,0,1,1319.0,49.99,0.0,49.99,0
35295,32182,treatment,75657,2012-10-21 15:23:18,2012-10-21,desktop,0,gsearch,nonbrand,0,0,1,1320.0,49.99,0.0,49.99,0
35308,32192,control,75690,2012-10-21 17:42:35,2012-10-21,desktop,0,gsearch,nonbrand,0,0,1,1321.0,49.99,0.0,49.99,0
35309,32193,control,75700,2012-10-21 18:08:39,2012-10-21,desktop,0,bsearch,nonbrand,0,0,0,,0.0,0.0,0.0,0
35311,32195,treatment,75706,2012-10-21 18:15:58,2012-10-21,desktop,0,gsearch,nonbrand,0,0,1,1322.0,49.99,0.0,49.99,0
35317,32201,treatment,75733,2012-10-21 19:23:07,2012-10-21,desktop,0,gsearch,nonbrand,0,0,1,1323.0,49.99,0.0,49.99,0
35327,32211,control,75762,2012-10-21 20:44:05,2012-10-21,desktop,0,gsearch,nonbrand,0,0,1,1324.0,49.99,49.99,0.0,1
35329,32212,treatment,75772,2012-10-21 20:57:11,2012-10-21,desktop,0,gsearch,nonbrand,0,0,1,1325.0,49.99,0.0,49.99,0
35330,32213,treatment,75777,2012-10-21 21:03:18,2012-10-21,desktop,0,bsearch,nonbrand,0,0,0,,0.0,0.0,0.0,0
35332,32215,treatment,75784,2012-10-21 21:15:27,2012-10-21,desktop,0,gsearch,nonbrand,0,0,1,1326.0,49.99,0.0,49.99,0
35341,32222,control,75805,2012-10-21 22:15:38,2012-10-21,desktop,0,gsearch,nonbrand,0,0,0,,0.0,0.0,0.0,0
35343,32224,treatment,75813,2012-10-21 22:25:36,2012-10-21,desktop,0,gsearch,nonbrand,0,0,0,,0.0,0.0,0.0,0
35348,32229,control,75823,2012-10-21 22:36:02,2012-10-21,desktop,0,gsearch,nonbrand,0,0,0,,0.0,0.0,0.0,0
35368,21997,control,75863,2012-10-22 00:35:45,2012-10-22,desktop,1,,,0,0,0,,0.0,0.0,0.0,0
35376,32253,treatment,75878,2012-10-22 01:55:33,2012-10-22,desktop,0,gsearch,nonbrand,0,0,0,,0.0,0.0,0.0,0
35381,32257,control,75891,2012-10-22 02:38:08,2012-10-22,desktop,0,bsearch,nonbrand,0,0,1,1327.0,49.99,0.0,49.99,0
35386,32262,treatment,75903,2012-10-22 03:08:03,2012-10-22,desktop,0,gsearch,nonbrand,0,0,0,,0.0,0.0,0.0,0
35396,32272,treatment,75925,2012-10-22 04:42:51,2012-10-22,desktop,0,gsearch,nonbrand,0,0,1,1328.0,49.99,0.0,49.99,0
35406,32282,treatment,75947,2012-10-22 06:07:08,2012-10-22,desktop,0,gsearch,nonbrand,0,0,0,,0.0,0.0,0.0,0
35407,32283,control,75953,2012-10-22 06:26:24,2012-10-22,desktop,0,gsearch,nonbrand,0,0,1,1329.0,49.99,0.0,49.99,0
35411,32286,control,75968,2012-10-22 07:36:32,2012-10-22,desktop,0,bsearch,nonbrand,0,0,1,1330.0,49.99,0.0,49.99,0
35428,32301,control,76005,2012-10-22 08:56:35,2012-10-22,desktop,0,gsearch,nonbrand,0,0,1,1331.0,49.99,0.0,49.99,0
35442,32313,treatment,76047,2012-10-22 09:42:04,2012-10-22,desktop,0,gsearch,nonbrand,0,0,1,1332.0,49.99,0.0,49.99,0
35513,32374,control,76184,2012-10-22 13:09:21,2012-10-22,desktop,0,bsearch,nonbrand,0,0,0,,0.0,0.0,0.0,0
35523,29902,control,76197,2012-10-22 13:33:14,2012-10-22,desktop,1,,,0,0,1,1333.0,49.99,0.0,49.99,0
35527,32387,treatment,76219,2012-10-22 13:52:06,2012-10-22,desktop,0,gsearch,nonbrand,0,0,0,,0.0,0.0,0.0,0
35533,32392,treatment,76231,2012-10-22 14:02:29,2012-10-22,desktop,0,bsearch,nonbrand,0,0,1,1334.0,49.99,0.0,49.99,0
35538,32396,treatment,76245,2012-10-22 14:18:32,2012-10-22,desktop,0,gsearch,nonbrand,0,0,0,,0.0,0.0,0.0,0
35541,32399,control,76250,2012-10-22 14:24:57,2012-10-22,desktop,0,bsearch,nonbrand,0,0,1,1335.0,49.99,0.0,49.99,0
35561,21149,control,76288,2012-10-22 15:30:54,2012-10-22,desktop,1,,,0,0,0,,0.0,0.0,0.0,0
35565,32419,treatment,76305,2012-10-22 15:45:24,2012-10-22,desktop,0,gsearch,nonbrand,0,0,1,1336.0,49.99,0.0,49.99,0
35587,32440,treatment,76351,2012-10-22 16:33:43,2012-10-22,desktop,0,gsearch,nonbrand,0,0,0,,0.0,0.0,0.0,0
35596,32449,control,76368,2012-10-22 17:11:14,2012-10-22,mobile,0,gsearch,nonbrand,0,0,0,,0.0,0.0,0.0,0
35603,32456,control,76385,2012-10-22 17:40:58,2012-10-22,desktop,0,gsearch,nonbrand,0,0,0,,0.0,0.0,0.0,0
35640,32489,treatment,76449,2012-10-22 20:25:31,2012-10-22,desktop,0,gsearch,nonbrand,0,0,0,,0.0,0.0,0.0,0
35644,32493,control,76469,2012-10-22 20:45:11,2012-10-22,desktop,0,bsearch,nonbrand,0,0,1,1337.0,49.99,0.0,49.99,0
35645,32494,control,76470,2012-10-22 20:46:20,2012-10-22,desktop,0,gsearch,nonbrand,0,0,1,1338.0,49.99,0.0,49.99,0
35663,32510,treatment,76503,2012-10-22 22:49:05,2012-10-22,mobile,0,gsearch,nonbrand,0,0,0,,0.0,0.0,0.0,0
35676,24440,control,76530,2012-10-22 23:48:00,2012-10-22,desktop,1,,,0,0,0,,0.0,0.0,0.0,0
35691,32534,treatment,76559,2012-10-23 01:27:28,2012-10-23,desktop,0,gsearch,nonbrand,0,0,0,,0.0,0.0,0.0,0
35706,32549,control,76581,2012-10-23 03:53:51,2012-10-23,desktop,0,gsearch,nonbrand,0,0,1,1339.0,49.99,0.0,49.99,0
35717,18179,control,76606,2012-10-23 05:25:43,2012-10-23,desktop,1,,,0,0,1,1340.0,49.99,0.0,49.99,0
35726,23318,control,76630,2012-10-23 06:14:13,2012-10-23,desktop,1,,,0,0,0,,0.0,0.0,0.0,0
35733,32572,treatment,76649,2012-10-23 07:29:52,2012-10-23,desktop,0,gsearch,nonbrand,0,0,1,1341.0,49.99,0.0,49.99,0
35735,32573,control,76660,2012-10-23 08:04:38,2012-10-23,desktop,0,gsearch,nonbrand,0,0,1,1342.0,49.99,0.0,49.99,0
35743,32581,treatment,76681,2012-10-23 08:38:38,2012-10-23,desktop,0,bsearch,nonbrand,0,0,0,,0.0,0.0,0.0,0
35753,31475,treatment,76709,2012-10-23 09:24:40,2012-10-23,desktop,1,,,0,0,1,1343.0,49.99,0.0,49.99,0
35763,32600,control,76735,2012-10-23 10:06:28,2012-10-23,desktop,0,gsearch,nonbrand,0,0,0,,0.0,0.0,0.0,0
35768,32605,control,76752,2012-10-23 10:18:56,2012-10-23,mobile,0,gsearch,nonbrand,0,0,0,,0.0,0.0,0.0,0
35766,32603,control,76755,2012-10-23 10:19:58,2012-10-23,desktop,0,bsearch,brand,0,0,0,,0.0,0.0,0.0,0
35793,32626,treatment,76803,2012-10-23 11:44:32,2012-10-23,desktop,0,gsearch,nonbrand,0,0,1,1344.0,49.99,0.0,49.99,0
35799,32631,treatment,76824,2012-10-23 12:19:21,2012-10-23,desktop,0,bsearch,nonbrand,0,0,1,1345.0,49.99,0.0,49.99,0
35824,32652,control,76882,2012-10-23 12:59:03,2012-10-23,desktop,0,gsearch,nonbrand,0,0,0,,0.0,0.0,0.0,0
35847,32670,treatment,76935,2012-10-23 14:00:33,2012-10-23,desktop,0,bsearch,nonbrand,0,0,1,1346.0,49.99,0.0,49.99,0
35856,32677,treatment,76956,2012-10-23 14:19:19,2012-10-23,desktop,0,bsearch,nonbrand,0,0,1,1347.0,49.99,0.0,49.99,0
35887,32707,treatment,77023,2012-10-23 15:53:22,2012-10-23,desktop,0,gsearch,nonbrand,0,0,0,,0.0,0.0,0.0,0
35886,32706,control,77026,2012-10-23 15:56:01,2012-10-23,desktop,0,,,0,0,0,,0.0,0.0,0.0,0
35894,32714,control,77053,2012-10-23 16:31:09,2012-10-23,desktop,0,gsearch,nonbrand,0,0,1,1348.0,49.99,0.0,49.99,0
35915,32733,treatment,77088,2012-10-23 17:03:08,2012-10-23,desktop,0,gsearch,nonbrand,0,0,1,1349.0,49.99,0.0,49.99,0
35918,32736,treatment,77098,2012-10-23 17:12:11,2012-10-23,desktop,0,gsearch,nonbrand,0,0,0,,0.0,0.0,0.0,0
35924,32742,treatment,77101,2012-10-23 17:17:22,2012-10-23,mobile,0,gsearch,nonbrand,0,0,0,,0.0,0.0,0.0,0
35929,32747,treatment,77114,2012-10-23 17:38:27,2012-10-23,desktop,0,bsearch,nonbrand,0,0,0,,0.0,0.0,0.0,0
35938,32755,treatment,77137,2012-10-23 18:09:22,2012-10-23,desktop,0,gsearch,nonbrand,0,0,1,1350.0,49.99,0.0,49.99,0
35945,32761,treatment,77153,2012-10-23 18:30:28,2012-10-23,desktop,0,gsearch,brand,0,0,1,1351.0,49.99,49.99,0.0,1
35986,30130,treatment,77225,2012-10-23 21:14:38,2012-10-23,desktop,1,,,0,0,1,1352.0,49.99,0.0,49.99,0
35993,19973,control,77246,2012-10-23 21:44:20,2012-10-23,desktop,1,,,0,0,0,,0.0,0.0,0.0,0
35995,32804,treatment,77248,2012-10-23 21:46:48,2012-10-23,desktop,0,gsearch,nonbrand,0,0,1,1353.0,49.99,0.0,49.99,0
35998,29566,treatment,77262,2012-10-23 22:18:06,2012-10-23,desktop,1,,,0,0,1,1354.0,49.99,0.0,49.99,0
36000,32808,control,77269,2012-10-23 22:24:02,2012-10-23,mobile,0,gsearch,nonbrand,0,0,0,,0.0,0.0,0.0,0
36007,32814,treatment,77289,2012-10-23 22:45:35,2012-10-23,desktop,0,bsearch,nonbrand,0,0,1,1355.0,49.99,0.0,49.99,0
36065,32870,treatment,77399,2012-10-24 06:33:38,2012-10-24,desktop,0,gsearch,nonbrand,0,0,1,1356.0,49.99,0.0,49.99,0
36082,32887,treatment,77434,2012-10-24 08:45:10,2012-10-24,desktop,0,gsearch,nonbrand,0,0,0,,0.0,0.0,0.0,0
36088,32892,treatment,77448,2012-10-24 09:01:15,2012-10-24,desktop,0,bsearch,nonbrand,0,0,1,1357.0,49.99,0.0,49.99,0
36098,32902,control,77473,2012-10-24 09:37:23,2012-10-24,desktop,0,gsearch,nonbrand,0,0,1,1358.0,49.99,0.0,49.99,0
36101,32904,control,77485,2012-10-24 09:46:31,2012-10-24,desktop,0,gsearch,nonbrand,0,0,1,1359.0,49.99,0.0,49.99,0
36125,32927,treatment,77539,2012-10-24 10:30:25,2012-10-24,desktop,0,gsearch,nonbrand,0,0,1,1360.0,49.99,0.0,49.99,0
36134,32934,treatment,77558,2012-10-24 10:47:50,2012-10-24,mobile,0,gsearch,nonbrand,0,0,0,,0.0,0.0,0.0,0
36137,32937,treatment,77566,2012-10-24 10:52:41,2012-10-24,desktop,0,,,0,0,1,1361.0,49.99,0.0,49.99,0
36139,32939,treatment,77577,2012-10-24 11:02:12,2012-10-24,desktop,0,,,0,0,0,,0.0,0.0,0.0,0
36150,32949,treatment,77595,2012-10-24 11:22:33,2012-10-24,desktop,0,gsearch,nonbrand,0,0,1,1362.0,49.99,0.0,49.99,0
36160,26097,control,77622,2012-10-24 11:44:46,2012-10-24,desktop,1,gsearch,brand,0,0,0,,0.0,0.0,0.0,0
36165,32962,treatment,77634,2012-10-24 11:53:44,2012-10-24,desktop,0,gsearch,nonbrand,0,0,0,,0.0,0.0,0.0,0
36217,33012,treatment,77738,2012-10-24 13:43:09,2012-10-24,mobile,0,gsearch,nonbrand,0,0,1,1363.0,49.99,0.0,49.99,0
36216,33011,treatment,77739,2012-10-24 13:43:24,2012-10-24,mobile,0,gsearch,nonbrand,0,0,0,,0.0,0.0,0.0,0
36226,20291,treatment,77773,2012-10-24 14:07:34,2012-10-24,desktop,1,,,0,0,0,,0.0,0.0,0.0,0
36239,33031,treatment,77792,2012-10-24 14:31:40,2012-10-24,desktop,0,gsearch,nonbrand,0,0,1,1364.0,49.99,0.0,49.99,0
36252,33043,treatment,77818,2012-10-24 14:46:57,2012-10-24,desktop,0,gsearch,nonbrand,0,0,1,1365.0,49.99,0.0,49.99,0
36248,33039,control,77824,2012-10-24 14:51:15,2012-10-24,mobile,0,gsearch,nonbrand,0,0,0,,0.0,0.0,0.0,0
36267,33058,control,77854,2012-10-24 15:28:51,2012-10-24,desktop,0,bsearch,nonbrand,0,0,0,,0.0,0.0,0.0,0
36273,33064,control,77871,2012-10-24 15:44:40,2012-10-24,desktop,0,gsearch,nonbrand,0,0,1,1366.0,49.99,0.0,49.99,0
36281,33070,treatment,77893,2012-10-24 16:01:12,2012-10-24,desktop,0,bsearch,nonbrand,0,0,0,,0.0,0.0,0.0,0
36303,33090,treatment,77942,2012-10-24 16:51:52,2012-10-24,desktop,0,bsearch,nonbrand,0,0,0,,0.0,0.0,0.0,0
36318,33104,control,77984,2012-10-24 17:43:20,2012-10-24,desktop,0,gsearch,nonbrand,0,0,1,1367.0,49.99,0.0,49.99,0
36332,33116,treatment,78023,2012-10-24 18:20:54,2012-10-24,mobile,0,gsearch,nonbrand,0,0,0,,0.0,0.0,0.0,0
36333,33117,treatment,78024,2012-10-24 18:21:05,2012-10-24,desktop,0,,,0,0,1,1368.0,49.99,49.99,0.0,1
36356,33137,treatment,78066,2012-10-24 20:12:17,2012-10-24,desktop,0,gsearch,nonbrand,0,0,0,,0.0,0.0,0.0,0
36379,33160,treatment,78116,2012-10-24 21:26:47,2012-10-24,desktop,0,gsearch,nonbrand,0,0,1,1369.0,49.99,0.0,49.99,0
36389,33170,treatment,78142,2012-10-24 22:05:47,2012-10-24,desktop,0,bsearch,nonbrand,0,0,1,1370.0,49.99,0.0,49.99,0
36388,33169,control,78144,2012-10-24 22:07:06,2012-10-24,desktop,0,gsearch,nonbrand,0,0,1,1371.0,49.99,0.0,49.99,0
36396,33175,control,78168,2012-10-24 22:50:40,2012-10-24,desktop,0,gsearch,nonbrand,0,0,1,1372.0,49.99,0.0,49.99,0
36415,33192,treatment,78201,2012-10-25 00:15:13,2012-10-25,desktop,0,gsearch,nonbrand,0,0,1,1373.0,49.99,0.0,49.99,0
36434,33209,control,78245,2012-10-25 02:52:11,2012-10-25,desktop,0,gsearch,nonbrand,0,0,0,,0.0,0.0,0.0,0
36438,33212,treatment,78255,2012-10-25 03:23:49,2012-10-25,desktop,0,,,0,0,0,,0.0,0.0,0.0,0
36441,33215,control,78264,2012-10-25 03:38:50,2012-10-25,desktop,0,gsearch,nonbrand,0,0,0,,0.0,0.0,0.0,0
36446,21920,control,78280,2012-10-25 05:33:35,2012-10-25,mobile,1,,,0,0,0,,0.0,0.0,0.0,0
36453,33224,control,78307,2012-10-25 07:13:34,2012-10-25,desktop,0,gsearch,nonbrand,0,0,1,1375.0,49.99,0.0,49.99,0
36456,33226,control,78308,2012-10-25 07:14:03,2012-10-25,desktop,0,gsearch,nonbrand,0,0,1,1374.0,49.99,0.0,49.99,0
36460,33230,treatment,78321,2012-10-25 07:23:59,2012-10-25,desktop,0,gsearch,nonbrand,0,0,1,1376.0,49.99,0.0,49.99,0
36464,33233,treatment,78332,2012-10-25 07:46:05,2012-10-25,desktop,0,gsearch,nonbrand,0,0,0,,0.0,0.0,0.0,0
36481,33250,treatment,78366,2012-10-25 08:34:48,2012-10-25,desktop,0,gsearch,nonbrand,0,0,1,1377.0,49.99,0.0,49.99,0
36497,33263,control,78400,2012-10-25 09:20:24,2012-10-25,mobile,0,,,0,0,0,,0.0,0.0,0.0,0
36503,33267,control,78410,2012-10-25 09:39:31,2012-10-25,desktop,0,gsearch,nonbrand,0,0,0,,0.0,0.0,0.0,0
36524,33286,control,78470,2012-10-25 10:39:41,2012-10-25,desktop,0,gsearch,nonbrand,0,0,1,1378.0,49.99,0.0,49.99,0
36546,33307,treatment,78506,2012-10-25 11:40:31,2012-10-25,desktop,0,bsearch,nonbrand,0,0,1,1379.0,49.99,0.0,49.99,0
36568,33325,control,78548,2012-10-25 12:34:33,2012-10-25,desktop,0,gsearch,nonbrand,0,0,0,,0.0,0.0,0.0,0
36580,33335,treatment,78580,2012-10-25 13:07:11,2012-10-25,desktop,0,gsearch,nonbrand,0,0,1,1380.0,49.99,0.0,49.99,0
36604,33358,control,78628,2012-10-25 14:01:51,2012-10-25,desktop,0,bsearch,nonbrand,0,0,0,,0.0,0.0,0.0,0
36605,33359,control,78631,2012-10-25 14:03:07,2012-10-25,desktop,0,gsearch,nonbrand,0,0,1,1381.0,49.99,0.0,49.99,0
36609,33363,control,78641,2012-10-25 14:16:51,2012-10-25,desktop,0,gsearch,nonbrand,0,0,1,1382.0,49.99,0.0,49.99,0
36676,33425,control,78772,2012-10-25 16:50:06,2012-10-25,desktop,0,gsearch,nonbrand,0,0,1,1383.0,49.99,0.0,49.99,0
36703,15346,control,78821,2012-10-25 17:47:17,2012-10-25,desktop,1,,,0,0,0,,0.0,0.0,0.0,0
36716,33460,treatment,78861,2012-10-25 18:35:18,2012-10-25,mobile,0,gsearch,brand,0,0,0,,0.0,0.0,0.0,0
36714,33458,control,78864,2012-10-25 18:37:59,2012-10-25,mobile,0,gsearch,nonbrand,0,0,1,1384.0,49.99,0.0,49.99,0
36724,33466,treatment,78888,2012-10-25 18:59:16,2012-10-25,desktop,0,gsearch,nonbrand,0,0,1,1385.0,49.99,0.0,49.99,0
36736,33477,control,78925,2012-10-25 19:42:50,2012-10-25,mobile,0,gsearch,nonbrand,0,0,0,,0.0,0.0,0.0,0
36735,33476,control,78926,2012-10-25 19:42:53,2012-10-25,desktop,0,gsearch,nonbrand,0,0,1,1386.0,49.99,0.0,49.99,0
36755,30305,treatment,78967,2012-10-25 20:56:52,2012-10-25,desktop,1,bsearch,brand,0,0,1,1387.0,49.99,0.0,49.99,0
36761,33498,control,78983,2012-10-25 21:28:04,2012-10-25,desktop,0,gsearch,nonbrand,0,0,0,,0.0,0.0,0.0,0
36806,33535,control,79059,2012-10-26 03:59:37,2012-10-26,desktop,0,bsearch,nonbrand,0,0,0,,0.0,0.0,0.0,0
36823,33551,treatment,79105,2012-10-26 07:26:44,2012-10-26,desktop,0,,,0,0,1,1388.0,49.99,0.0,49.99,0
36843,33569,control,79146,2012-10-26 09:18:37,2012-10-26,desktop,0,gsearch,nonbrand,0,0,1,1389.0,49.99,0.0,49.99,0
36854,33579,control,79179,2012-10-26 10:13:15,2012-10-26,desktop,0,gsearch,nonbrand,0,0,0,,0.0,0.0,0.0,0
36858,33583,control,79187,2012-10-26 10:19:22,2012-10-26,desktop,0,gsearch,nonbrand,0,0,0,,0.0,0.0,0.0,0
36872,33596,treatment,79215,2012-10-26 10:59:17,2012-10-26,desktop,0,gsearch,nonbrand,0,0,0,,0.0,0.0,0.0,0
36875,33599,control,79228,2012-10-26 11:09:04,2012-10-26,desktop,0,gsearch,nonbrand,0,0,0,,0.0,0.0,0.0,0
36886,33610,control,79251,2012-10-26 11:38:18,2012-10-26,desktop,0,gsearch,nonbrand,0,0,0,,0.0,0.0,0.0,0
36887,33611,treatment,79255,2012-10-26 11:39:14,2012-10-26,mobile,0,gsearch,nonbrand,0,0,1,1390.0,49.99,0.0,49.99,0
36891,33615,control,79261,2012-10-26 11:46:39,2012-10-26,desktop,0,bsearch,nonbrand,0,0,0,,0.0,0.0,0.0,0
36899,33623,control,79290,2012-10-26 12:08:32,2012-10-26,desktop,0,,,0,0,1,1391.0,49.99,0.0,49.99,0
36908,33631,treatment,79307,2012-10-26 12:23:57,2012-10-26,desktop,0,gsearch,nonbrand,0,0,1,1392.0,49.99,0.0,49.99,0
36917,25334,treatment,79328,2012-10-26 12:36:11,2012-10-26,mobile,1,,,0,0,1,1393.0,49.99,49.99,0.0,1
36921,33642,control,79342,2012-10-26 12:50:05,2012-10-26,desktop,0,gsearch,nonbrand,0,0,1,1394.0,49.99,0.0,49.99,0
36925,33645,treatment,79363,2012-10-26 13:05:41,2012-10-26,desktop,0,bsearch,nonbrand,0,0,1,1395.0,49.99,0.0,49.99,0
36940,33657,treatment,79394,2012-10-26 13:24:23,2012-10-26,desktop,0,gsearch,nonbrand,0,0,1,1397.0,49.99,0.0,49.99,0
36934,30115,treatment,79395,2012-10-26 13:24:27,2012-10-26,mobile,1,,,0,0,1,1396.0,49.99,0.0,49.99,0
36960,33673,control,79437,2012-10-26 14:19:23,2012-10-26,desktop,0,bsearch,nonbrand,0,0,0,,0.0,0.0,0.0,0
36973,33686,treatment,79463,2012-10-26 14:52:12,2012-10-26,desktop,0,gsearch,nonbrand,0,0,1,1398.0,49.99,0.0,49.99,0
36984,33696,control,79498,2012-10-26 15:29:36,2012-10-26,desktop,0,gsearch,nonbrand,0,0,1,1399.0,49.99,0.0,49.99,0
36999,28112,control,79530,2012-10-26 16:12:32,2012-10-26,desktop,1,,,0,0,0,,0.0,0.0,0.0,0
37015,33725,control,79571,2012-10-26 16:59:24,2012-10-26,desktop,0,gsearch,nonbrand,0,0,0,,0.0,0.0,0.0,0
37017,33727,treatment,79572,2012-10-26 17:01:05,2012-10-26,desktop,0,gsearch,nonbrand,0,0,1,1400.0,49.99,0.0,49.99,0
37019,33729,control,79579,2012-10-26 17:13:03,2012-10-26,desktop,0,gsearch,nonbrand,0,0,1,1401.0,49.99,0.0,49.99,0
37025,33734,control,79602,2012-10-26 17:40:13,2012-10-26,mobile,0,gsearch,nonbrand,0,0,0,,0.0,0.0,0.0,0
37024,33733,treatment,79604,2012-10-26 17:41:03,2012-10-26,desktop,0,gsearch,brand,0,0,0,,0.0,0.0,0.0,0
37042,33749,treatment,79639,2012-10-26 19:01:54,2012-10-26,desktop,0,gsearch,nonbrand,0,0,1,1402.0,49.99,0.0,49.99,0
37041,33748,control,79643,2012-10-26 19:04:31,2012-10-26,mobile,0,gsearch,nonbrand,0,0,0,,0.0,0.0,0.0,0
37049,33755,treatment,79657,2012-10-26 19:47:47,2012-10-26,desktop,0,,,0,0,1,1403.0,49.99,0.0,49.99,0
37059,33763,treatment,79677,2012-10-26 20:27:46,2012-10-26,desktop,0,gsearch,nonbrand,0,0,0,,0.0,0.0,0.0,0
37076,33780,treatment,79716,2012-10-26 22:07:56,2012-10-26,desktop,0,bsearch,nonbrand,0,0,1,1404.0,49.99,0.0,49.99,0
37090,33791,treatment,79750,2012-10-26 23:40:28,2012-10-26,desktop,0,bsearch,nonbrand,0,0,1,1405.0,49.99,0.0,49.99,0
37097,33798,treatment,79761,2012-10-27 00:48:23,2012-10-27,desktop,0,gsearch,nonbrand,0,0,0,,0.0,0.0,0.0,0
37111,33810,control,79794,2012-10-27 02:42:16,2012-10-27,desktop,0,gsearch,nonbrand,0,0,1,1406.0,49.99,0.0,49.99,0
37110,33809,control,79795,2012-10-27 02:43:01,2012-10-27,desktop,0,bsearch,nonbrand,0,0,0,,0.0,0.0,0.0,0
37117,33815,treatment,79816,2012-10-27 04:20:35,2012-10-27,desktop,0,gsearch,nonbrand,0,0,1,1407.0,49.99,0.0,49.99,0
37124,33822,control,79829,2012-10-27 05:37:16,2012-10-27,desktop,0,bsearch,nonbrand,0,0,1,1408.0,49.99,0.0,49.99,0
37146,33841,control,79875,2012-10-27 09:14:53,2012-10-27,desktop,0,bsearch,nonbrand,0,0,0,,0.0,0.0,0.0,0
37165,33857,treatment,79917,2012-10-27 11:03:36,2012-10-27,desktop,0,gsearch,nonbrand,0,0,1,1409.0,49.99,0.0,49.99,0
37170,33862,treatment,79925,2012-10-27 11:19:56,2012-10-27,desktop,0,bsearch,nonbrand,0,0,1,1410.0,49.99,0.0,49.99,0
37178,28209,control,79951,2012-10-27 12:10:36,2012-10-27,desktop,1,,,0,0,1,1411.0,49.99,0.0,49.99,0
37183,33873,treatment,79961,2012-10-27 13:01:20,2012-10-27,desktop,0,gsearch,nonbrand,0,0,0,,0.0,0.0,0.0,0
37187,33877,control,79970,2012-10-27 13:24:16,2012-10-27,desktop,0,gsearch,nonbrand,0,0,0,,0.0,0.0,0.0,0
37189,33879,control,79982,2012-10-27 13:49:00,2012-10-27,desktop,0,gsearch,nonbrand,0,0,1,1412.0,49.99,0.0,49.99,0
37249,33934,treatment,80094,2012-10-27 22:13:49,2012-10-27,desktop,0,gsearch,nonbrand,0,0,0,,0.0,0.0,0.0,0
37253,23974,treatment,80104,2012-10-27 22:36:43,2012-10-27,desktop,1,,,0,1,0,,0.0,0.0,0.0,0
37266,33948,control,80130,2012-10-28 01:18:32,2012-10-28,desktop,0,bsearch,nonbrand,0,0,1,1413.0,49.99,0.0,49.99,0
37275,33956,control,80156,2012-10-28 05:29:52,2012-10-28,mobile,0,gsearch,nonbrand,0,0,0,,0.0,0.0,0.0,0
37280,33960,control,80165,2012-10-28 06:52:40,2012-10-28,desktop,0,bsearch,nonbrand,0,0,1,1414.0,49.99,0.0,49.99,0
37299,33976,control,80203,2012-10-28 10:16:47,2012-10-28,desktop,0,gsearch,nonbrand,0,0,1,1415.0,49.99,0.0,49.99,0
37319,33995,control,80250,2012-10-28 12:57:40,2012-10-28,desktop,0,gsearch,nonbrand,0,0,0,,0.0,0.0,0.0,0
37330,34005,treatment,80273,2012-10-28 14:36:01,2012-10-28,desktop,0,gsearch,nonbrand,0,0,1,1416.0,49.99,0.0,49.99,0
37344,34018,control,80311,2012-10-28 16:25:05,2012-10-28,desktop,0,gsearch,nonbrand,0,0,0,,0.0,0.0,0.0,0
37365,34037,treatment,80353,2012-10-28 18:44:50,2012-10-28,desktop,0,gsearch,nonbrand,0,0,0,,0.0,0.0,0.0,0
37389,34059,treatment,80397,2012-10-28 21:28:20,2012-10-28,desktop,0,gsearch,nonbrand,0,0,1,1417.0,49.99,0.0,49.99,0
37403,24071,control,80434,2012-10-28 22:57:48,2012-10-28,mobile,1,,,0,1,0,,0.0,0.0,0.0,0
37413,34081,control,80449,2012-10-28 23:19:47,2012-10-28,desktop,0,gsearch,nonbrand,0,0,1,1418.0,49.99,0.0,49.99,0
37440,31331,treatment,80507,2012-10-29 04:36:54,2012-10-29,desktop,1,,,0,0,1,1419.0,49.99,0.0,49.99,0
37457,34122,treatment,80542,2012-10-29 07:29:59,2012-10-29,desktop,0,gsearch,nonbrand,0,0,1,1420.0,49.99,0.0,49.99,0
37473,34133,control,80580,2012-10-29 09:18:58,2012-10-29,desktop,0,gsearch,nonbrand,0,0,1,1422.0,49.99,49.99,0.0,1
37474,34134,treatment,80581,2012-10-29 09:19:18,2012-10-29,desktop,0,gsearch,nonbrand,0,0,1,1421.0,49.99,0.0,49.99,0
37493,32275,treatment,80620,2012-10-29 10:30:00,2012-10-29,desktop,1,,,0,0,0,,0.0,0.0,0.0,0
37514,34167,control,80667,2012-10-29 11:29:15,2012-10-29,desktop,0,gsearch,nonbrand,0,0,1,1423.0,49.99,0.0,49.99,0
37518,34169,control,80674,2012-10-29 11:35:40,2012-10-29,desktop,0,gsearch,nonbrand,0,0,1,1424.0,49.99,0.0,49.99,0
37538,34186,control,80712,2012-10-29 12:42:54,2012-10-29,desktop,0,bsearch,nonbrand,0,0,0,,0.0,0.0,0.0,0
37579,34223,control,80787,2012-10-29 15:11:04,2012-10-29,mobile,0,gsearch,nonbrand,0,0,0,,0.0,0.0,0.0,0
37582,34226,treatment,80797,2012-10-29 15:22:05,2012-10-29,desktop,0,bsearch,nonbrand,0,0,1,1425.0,49.99,0.0,49.99,0
37584,34228,treatment,80808,2012-10-29 15:30:32,2012-10-29,mobile,0,gsearch,nonbrand,0,0,0,,0.0,0.0,0.0,0
37589,34232,treatment,80820,2012-10-29 15:36:55,2012-10-29,desktop,0,gsearch,nonbrand,0,0,1,1426.0,49.99,49.99,0.0,1
37590,34233,treatment,80821,2012-10-29 15:37:56,2012-10-29,desktop,0,gsearch,nonbrand,0,0,0,,0.0,0.0,0.0,0
37605,34248,treatment,80869,2012-10-29 16:28:57,2012-10-29,desktop,0,gsearch,nonbrand,0,0,1,1427.0,49.99,0.0,49.99,0
37632,34274,treatment,80926,2012-10-29 17:57:52,2012-10-29,desktop,0,gsearch,nonbrand,0,0,0,,0.0,0.0,0.0,0
37635,34277,control,80933,2012-10-29 18:04:43,2012-10-29,desktop,0,gsearch,nonbrand,0,0,1,1428.0,49.99,0.0,49.99,0
37641,34283,treatment,80946,2012-10-29 18:32:54,2012-10-29,desktop,0,gsearch,nonbrand,0,0,0,,0.0,0.0,0.0,0
37644,34285,control,80957,2012-10-29 18:45:00,2012-10-29,mobile,0,gsearch,nonbrand,0,0,0,,0.0,0.0,0.0,0
37663,34302,treatment,81002,2012-10-29 20:52:01,2012-10-29,desktop,0,bsearch,nonbrand,0,0,1,1429.0,49.99,0.0,49.99,0
37671,34308,treatment,81021,2012-10-29 21:38:57,2012-10-29,desktop,0,bsearch,nonbrand,0,0,0,,0.0,0.0,0.0,0
37695,34327,control,81062,2012-10-29 23:53:35,2012-10-29,desktop,0,gsearch,nonbrand,0,0,1,1430.0,49.99,0.0,49.99,0
37703,34334,treatment,81084,2012-10-30 00:34:41,2012-10-30,desktop,0,gsearch,nonbrand,0,0,1,1431.0,49.99,0.0,49.99,0
37734,34363,treatment,81140,2012-10-30 06:41:22,2012-10-30,mobile,0,gsearch,nonbrand,0,0,1,1432.0,49.99,0.0,49.99,0
37745,34373,treatment,81173,2012-10-30 07:36:09,2012-10-30,mobile,0,gsearch,nonbrand,0,0,0,,0.0,0.0,0.0,0
37765,34391,treatment,81212,2012-10-30 08:41:05,2012-10-30,mobile,0,gsearch,nonbrand,0,0,0,,0.0,0.0,0.0,0
37773,34399,treatment,81230,2012-10-30 09:00:55,2012-10-30,desktop,0,,,0,0,1,1433.0,49.99,0.0,49.99,0
37774,34400,treatment,81239,2012-10-30 09:07:06,2012-10-30,desktop,0,gsearch,nonbrand,0,0,1,1434.0,49.99,0.0,49.99,0
37783,34408,treatment,81265,2012-10-30 09:31:37,2012-10-30,desktop,0,bsearch,nonbrand,0,0,1,1435.0,49.99,0.0,49.99,0
37804,34427,control,81314,2012-10-30 10:48:25,2012-10-30,desktop,0,gsearch,nonbrand,0,0,0,,0.0,0.0,0.0,0
37808,34431,control,81334,2012-10-30 11:07:16,2012-10-30,desktop,0,bsearch,nonbrand,0,0,1,1436.0,49.99,0.0,49.99,0
37810,32924,treatment,81338,2012-10-30 11:09:19,2012-10-30,mobile,1,gsearch,brand,0,0,0,,0.0,0.0,0.0,0
37813,34435,control,81347,2012-10-30 11:14:30,2012-10-30,desktop,0,gsearch,nonbrand,0,0,1,1437.0,49.99,0.0,49.99,0
37816,34438,control,81363,2012-10-30 11:22:39,2012-10-30,desktop,0,gsearch,nonbrand,0,0,0,,0.0,0.0,0.0,0
37840,34460,treatment,81409,2012-10-30 12:25:44,2012-10-30,mobile,0,gsearch,nonbrand,0,0,1,1438.0,49.99,0.0,49.99,0
37846,34466,control,81426,2012-10-30 12:40:30,2012-10-30,desktop,0,gsearch,nonbrand,0,0,1,1439.0,49.99,0.0,49.99,0
37875,34489,control,81494,2012-10-30 13:58:39,2012-10-30,desktop,0,gsearch,nonbrand,0,0,1,1440.0,49.99,0.0,49.99,0
37881,34495,control,81501,2012-10-30 14:06:42,2012-10-30,desktop,0,gsearch,nonbrand,0,0,0,,0.0,0.0,0.0,0
37909,23237,control,81559,2012-10-30 15:37:26,2012-10-30,mobile,1,,,0,0,0,,0.0,0.0,0.0,0
37912,34522,control,81563,2012-10-30 15:39:30,2012-10-30,desktop,0,gsearch,nonbrand,0,0,0,,0.0,0.0,0.0,0
37947,34551,control,81642,2012-10-30 18:08:53,2012-10-30,desktop,0,bsearch,nonbrand,0,0,1,1441.0,49.99,0.0,49.99,0
37952,34556,treatment,81653,2012-10-30 18:29:10,2012-10-30,desktop,0,gsearch,nonbrand,0,0,0,,0.0,0.0,0.0,0
37965,34565,control,81686,2012-10-30 19:19:43,2012-10-30,desktop,0,bsearch,nonbrand,0,0,1,1442.0,49.99,0.0,49.99,0
37961,34562,control,81690,2012-10-30 19:22:15,2012-10-30,desktop,0,bsearch,nonbrand,0,0,0,,0.0,0.0,0.0,0
37960,34561,control,81691,2012-10-30 19:23:47,2012-10-30,desktop,0,gsearch,nonbrand,0,0,0,,0.0,0.0,0.0,0
37993,34589,control,81752,2012-10-30 21:01:19,2012-10-30,desktop,0,gsearch,nonbrand,0,0,1,1443.0,49.99,49.99,0.0,1
38019,34611,treatment,81801,2012-10-30 23:39:20,2012-10-30,desktop,0,bsearch,nonbrand,0,0,1,1444.0,49.99,0.0,49.99,0
38037,34626,treatment,81838,2012-10-31 01:54:22,2012-10-31,desktop,0,bsearch,nonbrand,0,0,1,1445.0,49.99,49.99,0.0,1
38051,34639,control,81867,2012-10-31 05:33:58,2012-10-31,desktop,0,bsearch,nonbrand,0,0,0,,0.0,0.0,0.0,0
38054,34642,control,81880,2012-10-31 06:01:44,2012-10-31,desktop,0,bsearch,nonbrand,0,0,0,,0.0,0.0,0.0,0
38060,34648,control,81907,2012-10-31 07:52:00,2012-10-31,desktop,0,gsearch,nonbrand,0,0,0,,0.0,0.0,0.0,0
38061,34649,control,81910,2012-10-31 07:54:42,2012-10-31,desktop,0,bsearch,nonbrand,0,0,1,1446.0,49.99,0.0,49.99,0
38076,34663,treatment,81940,2012-10-31 09:00:55,2012-10-31,desktop,0,bsearch,nonbrand,0,0,0,,0.0,0.0,0.0,0
38077,34664,control,81964,2012-10-31 09:16:17,2012-10-31,desktop,0,gsearch,nonbrand,0,0,0,,0.0,0.0,0.0,0
38099,34682,treatment,81991,2012-10-31 09:55:31,2012-10-31,desktop,0,gsearch,nonbrand,0,0,0,,0.0,0.0,0.0,0
38104,34686,control,82009,2012-10-31 10:19:25,2012-10-31,desktop,0,gsearch,nonbrand,0,0,1,1447.0,49.99,0.0,49.99,0
38124,34706,control,82046,2012-10-31 11:17:22,2012-10-31,desktop,0,bsearch,nonbrand,0,0,0,,0.0,0.0,0.0,0
38136,34718,control,82076,2012-10-31 11:34:42,2012-10-31,desktop,0,bsearch,nonbrand,0,0,0,,0.0,0.0,0.0,0
38158,30182,control,82119,2012-10-31 12:05:30,2012-10-31,desktop,1,,,0,0,1,1448.0,49.99,0.0,49.99,0
38171,34746,control,82149,2012-10-31 12:34:24,2012-10-31,mobile,0,gsearch,brand,0,0,0,,0.0,0.0,0.0,0
38172,34747,treatment,82162,2012-10-31 12:45:33,2012-10-31,desktop,0,bsearch,nonbrand,0,0,1,1449.0,49.99,0.0,49.99,0
38182,34757,treatment,82180,2012-10-31 13:05:31,2012-10-31,desktop,0,,,0,0,1,1450.0,49.99,0.0,49.99,0
38193,34767,control,82204,2012-10-31 13:39:45,2012-10-31,mobile,0,gsearch,nonbrand,0,0,0,,0.0,0.0,0.0,0
38195,34769,control,82216,2012-10-31 13:51:55,2012-10-31,desktop,0,gsearch,nonbrand,0,0,0,,0.0,0.0,0.0,0
38210,34781,treatment,82246,2012-10-31 14:30:26,2012-10-31,desktop,0,bsearch,nonbrand,0,0,0,,0.0,0.0,0.0,0
38217,34787,treatment,82259,2012-10-31 14:43:48,2012-10-31,desktop,0,gsearch,nonbrand,0,0,1,1451.0,49.99,49.99,0.0,1
38219,34789,control,82271,2012-10-31 14:53:07,2012-10-31,desktop,0,gsearch,nonbrand,0,0,0,,0.0,0.0,0.0,0
38223,27253,control,82279,2012-10-31 15:03:39,2012-10-31,desktop,1,gsearch,brand,0,0,0,,0.0,0.0,0.0,0
38225,34794,treatment,82295,2012-10-31 15:15:12,2012-10-31,desktop,0,gsearch,nonbrand,0,0,0,,0.0,0.0,0.0,0
38238,34807,treatment,82327,2012-10-31 15:45:29,2012-10-31,desktop,0,gsearch,nonbrand,0,0,1,1452.0,49.99,0.0,49.99,0
38244,34811,control,82340,2012-10-31 15:53:33,2012-10-31,desktop,0,gsearch,nonbrand,0,0,1,1453.0,49.99,0.0,49.99,0
38249,34815,control,82352,2012-10-31 16:02:58,2012-10-31,desktop,0,,,0,0,0,,0.0,0.0,0.0,0
38251,34816,control,82365,2012-10-31 16:11:32,2012-10-31,desktop,0,gsearch,nonbrand,0,0,0,,0.0,0.0,0.0,0
38272,23077,control,82417,2012-10-31 16:45:16,2012-10-31,desktop,1,gsearch,brand,0,0,1,1454.0,49.99,0.0,49.99,0
38288,34850,control,82445,2012-10-31 17:23:36,2012-10-31,desktop,0,gsearch,nonbrand,0,0,1,1455.0,49.99,0.0,49.99,0
38321,18495,control,82511,2012-10-31 19:02:31,2012-10-31,desktop,1,,,0,0,0,,0.0,0.0,0.0,0
38320,34880,treatment,82512,2012-10-31 19:03:56,2012-10-31,desktop,0,bsearch,nonbrand,0,0,1,1456.0,49.99,0.0,49.99,0
38343,34900,treatment,82545,2012-10-31 20:25:09,2012-10-31,desktop,0,bsearch,nonbrand,0,0,1,1457.0,49.99,0.0,49.99,0
38345,34901,treatment,82556,2012-10-31 20:32:57,2012-10-31,desktop,0,bsearch,nonbrand,0,0,1,1458.0,49.99,0.0,49.99,0
38347,34903,treatment,82569,2012-10-31 20:42:30,2012-10-31,desktop,0,bsearch,nonbrand,0,0,1,1459.0,49.99,0.0,49.99,0
38349,34905,control,82574,2012-10-31 20:45:44,2012-10-31,desktop,0,gsearch,nonbrand,0,0,0,,0.0,0.0,0.0,0
38350,34906,control,82581,2012-10-31 20:56:40,2012-10-31,desktop,0,bsearch,nonbrand,0,0,1,1460.0,49.99,0.0,49.99,0
38351,34907,treatment,82587,2012-10-31 21:02:10,2012-10-31,desktop,0,bsearch,nonbrand,0,0,1,1461.0,49.99,0.0,49.99,0
38352,34908,treatment,82597,2012-10-31 21:12:08,2012-10-31,mobile,0,gsearch,nonbrand,0,0,0,,0.0,0.0,0.0,0
38354,34910,treatment,82600,2012-10-31 21:16:06,2012-10-31,desktop,0,gsearch,nonbrand,0,0,0,,0.0,0.0,0.0,0
38365,34921,treatment,82629,2012-10-31 22:07:40,2012-10-31,desktop,0,bsearch,nonbrand,0,0,1,1462.0,49.99,0.0,49.99,0
38366,34922,treatment,82632,2012-10-31 22:12:40,2012-10-31,mobile,0,gsearch,nonbrand,0,0,0,,0.0,0.0,0.0,0
38369,34925,treatment,82642,2012-10-31 22:25:27,2012-10-31,desktop,0,bsearch,nonbrand,0,0,0,,0.0,0.0,0.0,0
38395,34949,control,82686,2012-11-01 01:52:03,2012-11-01,desktop,0,bsearch,nonbrand,0,0,1,1463.0,49.99,0.0,49.99,0
38399,34953,treatment,82696,2012-11-01 02:45:03,2012-11-01,desktop,0,gsearch,nonbrand,0,0,0,,0.0,0.0,0.0,0
38416,29417,control,82734,2012-11-01 06:17:29,2012-11-01,desktop,1,,,0,0,0,,0.0,0.0,0.0,0
38466,35013,control,82829,2012-11-01 10:02:44,2012-11-01,desktop,0,gsearch,nonbrand,0,0,0,,0.0,0.0,0.0,0
38491,35034,control,82887,2012-11-01 11:14:47,2012-11-01,desktop,0,gsearch,nonbrand,0,0,0,,0.0,0.0,0.0,0
38492,35035,control,82888,2012-11-01 11:15:24,2012-11-01,desktop,0,gsearch,nonbrand,0,0,0,,0.0,0.0,0.0,0
38509,35052,control,82920,2012-11-01 12:01:49,2012-11-01,desktop,0,gsearch,nonbrand,0,0,0,,0.0,0.0,0.0,0
38508,35051,treatment,82924,2012-11-01 12:04:00,2012-11-01,desktop,0,gsearch,nonbrand,0,0,1,1464.0,49.99,0.0,49.99,0
38519,35060,treatment,82948,2012-11-01 12:34:35,2012-11-01,desktop,0,gsearch,nonbrand,0,0,1,1465.0,49.99,0.0,49.99,0
38524,35065,treatment,82959,2012-11-01 12:43:00,2012-11-01,desktop,0,gsearch,nonbrand,0,0,0,,0.0,0.0,0.0,0
38528,35068,treatment,82975,2012-11-01 12:54:02,2012-11-01,desktop,0,gsearch,nonbrand,0,0,0,,0.0,0.0,0.0,0
38536,35076,control,82992,2012-11-01 13:07:44,2012-11-01,desktop,0,bsearch,nonbrand,0,0,0,,0.0,0.0,0.0,0
38561,35099,control,83044,2012-11-01 14:36:28,2012-11-01,desktop,0,gsearch,nonbrand,0,0,0,,0.0,0.0,0.0,0
38562,35100,control,83047,2012-11-01 14:37:44,2012-11-01,desktop,0,gsearch,nonbrand,0,0,0,,0.0,0.0,0.0,0
38574,35111,control,83072,2012-11-01 15:03:28,2012-11-01,desktop,0,bsearch,nonbrand,0,0,0,,0.0,0.0,0.0,0
38576,35113,treatment,83076,2012-11-01 15:12:22,2012-11-01,desktop,0,gsearch,nonbrand,0,0,1,1466.0,49.99,0.0,49.99,0
38596,35128,control,83112,2012-11-01 15:58:09,2012-11-01,desktop,0,,,0,0,0,,0.0,0.0,0.0,0
38598,35130,treatment,83117,2012-11-01 16:04:20,2012-11-01,desktop,0,bsearch,nonbrand,0,0,1,1467.0,49.99,0.0,49.99,0
38606,35137,treatment,83142,2012-11-01 16:29:27,2012-11-01,desktop,0,bsearch,nonbrand,0,0,1,1468.0,49.99,49.99,0.0,1
38614,35145,control,83167,2012-11-01 16:51:56,2012-11-01,desktop,0,gsearch,nonbrand,0,0,0,,0.0,0.0,0.0,0
38627,35156,treatment,83185,2012-11-01 17:16:05,2012-11-01,desktop,0,bsearch,nonbrand,0,0,1,1469.0,49.99,0.0,49.99,0
38654,35177,treatment,83240,2012-11-01 18:58:58,2012-11-01,desktop,0,bsearch,nonbrand,0,0,1,1470.0,49.99,0.0,49.99,0
38675,20666,control,83275,2012-11-01 20:29:46,2012-11-01,desktop,1,,,0,0,0,,0.0,0.0,0.0,0
38676,35195,control,83283,2012-11-01 20:43:48,2012-11-01,desktop,0,gsearch,nonbrand,0,0,1,1471.0,49.99,0.0,49.99,0
38684,35203,control,83311,2012-11-01 21:18:49,2012-11-01,desktop,0,bsearch,nonbrand,0,0,1,1472.0,49.99,0.0,49.99,0
38685,35204,treatment,83316,2012-11-01 21:24:21,2012-11-01,desktop,0,gsearch,nonbrand,0,0,1,1473.0,49.99,0.0,49.99,0
38696,35214,control,83347,2012-11-01 22:26:38,2012-11-01,desktop,0,gsearch,nonbrand,0,0,1,1474.0,49.99,0.0,49.99,0
38698,24433,control,83359,2012-11-01 22:35:17,2012-11-01,desktop,1,,,0,1,0,,0.0,0.0,0.0,0
38711,35227,control,83390,2012-11-01 23:52:49,2012-11-01,desktop,0,bsearch,nonbrand,0,0,1,1475.0,49.99,0.0,49.99,0
38716,21656,treatment,83404,2012-11-02 00:07:08,2012-11-02,desktop,1,bsearch,brand,0,0,0,,0.0,0.0,0.0,0
38723,35235,control,83424,2012-11-02 00:39:51,2012-11-02,desktop,0,,,0,0,1,1476.0,49.99,0.0,49.99,0
38730,35242,treatment,83440,2012-11-02 01:46:11,2012-11-02,desktop,0,bsearch,nonbrand,0,0,1,1477.0,49.99,0.0,49.99,0
38739,35251,treatment,83459,2012-11-02 03:54:30,2012-11-02,desktop,0,gsearch,nonbrand,0,0,1,1478.0,49.99,0.0,49.99,0
38757,35268,treatment,83494,2012-11-02 06:38:14,2012-11-02,desktop,0,gsearch,nonbrand,0,0,1,1479.0,49.99,0.0,49.99,0
38758,35269,control,83503,2012-11-02 06:54:58,2012-11-02,desktop,0,gsearch,nonbrand,0,0,0,,0.0,0.0,0.0,0
38770,29373,control,83526,2012-11-02 08:52:00,2012-11-02,desktop,1,,,0,0,1,1480.0,49.99,49.99,0.0,1
38771,16985,control,83533,2012-11-02 09:01:16,2012-11-02,desktop,1,,,0,0,0,,0.0,0.0,0.0,0
38786,35293,control,83563,2012-11-02 10:07:58,2012-11-02,desktop,0,bsearch,nonbrand,0,0,1,1481.0,49.99,0.0,49.99,0
38798,35305,control,83584,2012-11-02 10:56:09,2012-11-02,mobile,0,gsearch,nonbrand,0,0,0,,0.0,0.0,0.0,0
38804,35311,control,83604,2012-11-02 11:28:16,2012-11-02,desktop,0,gsearch,nonbrand,0,0,1,1482.0,49.99,0.0,49.99,0
38813,35319,control,83617,2012-11-02 11:42:48,2012-11-02,desktop,0,bsearch,nonbrand,0,0,0,,0.0,0.0,0.0,0
38854,35355,control,83695,2012-11-02 13:41:59,2012-11-02,desktop,0,gsearch,nonbrand,0,0,1,1483.0,49.99,49.99,0.0,1
38883,35378,control,83759,2012-11-02 15:14:11,2012-11-02,desktop,0,gsearch,nonbrand,0,0,0,,0.0,0.0,0.0,0
38889,35384,treatment,83768,2012-11-02 15:21:10,2012-11-02,desktop,0,gsearch,nonbrand,0,0,1,1484.0,49.99,0.0,49.99,0
38888,35383,treatment,83772,2012-11-02 15:23:24,2012-11-02,desktop,0,gsearch,nonbrand,0,0,0,,0.0,0.0,0.0,0
38931,35417,control,83848,2012-11-02 17:11:49,2012-11-02,desktop,0,gsearch,nonbrand,0,0,0,,0.0,0.0,0.0,0
38948,35430,control,83891,2012-11-02 18:33:12,2012-11-02,desktop,0,gsearch,nonbrand,0,0,0,,0.0,0.0,0.0,0
38957,35438,treatment,83908,2012-11-02 19:13:37,2012-11-02,desktop,0,gsearch,nonbrand,0,0,1,1485.0,49.99,0.0,49.99,0
38963,35444,treatment,83937,2012-11-02 19:37:09,2012-11-02,desktop,0,gsearch,nonbrand,0,0,1,1486.0,49.99,0.0,49.99,0
38986,35462,treatment,83979,2012-11-02 20:26:04,2012-11-02,desktop,0,gsearch,nonbrand,0,0,0,,0.0,0.0,0.0,0
38987,35463,treatment,83982,2012-11-02 20:31:09,2012-11-02,desktop,0,,,0,0,1,1487.0,49.99,0.0,49.99,0
38995,35469,control,84003,2012-11-02 21:09:58,2012-11-02,desktop,0,gsearch,nonbrand,0,0,1,1488.0,49.99,0.0,49.99,0
38997,35471,treatment,84009,2012-11-02 21:20:34,2012-11-02,desktop,0,,,0,0,1,1489.0,49.99,0.0,49.99,0
39008,35482,treatment,84032,2012-11-02 23:13:39,2012-11-02,desktop,0,gsearch,nonbrand,0,0,1,1490.0,49.99,0.0,49.99,0
39041,35513,treatment,84092,2012-11-03 06:08:01,2012-11-03,desktop,0,gsearch,nonbrand,0,0,0,,0.0,0.0,0.0,0
39052,35522,treatment,84123,2012-11-03 08:22:07,2012-11-03,desktop,0,gsearch,nonbrand,0,0,1,1491.0,49.99,0.0,49.99,0
39082,35550,control,84185,2012-11-03 11:41:26,2012-11-03,desktop,0,gsearch,nonbrand,0,0,1,1492.0,49.99,0.0,49.99,0
39100,35567,control,84234,2012-11-03 13:24:56,2012-11-03,mobile,0,gsearch,nonbrand,0,0,0,,0.0,0.0,0.0,0
39115,35581,treatment,84274,2012-11-03 14:59:02,2012-11-03,desktop,0,bsearch,nonbrand,0,0,1,1493.0,49.99,0.0,49.99,0
39121,35586,control,84287,2012-11-03 15:29:15,2012-11-03,desktop,0,bsearch,nonbrand,0,0,0,,0.0,0.0,0.0,0
39169,35628,control,84374,2012-11-03 21:03:24,2012-11-03,desktop,0,,,0,0,0,,0.0,0.0,0.0,0
39175,35633,control,84390,2012-11-03 22:30:04,2012-11-03,mobile,0,bsearch,nonbrand,0,0,0,,0.0,0.0,0.0,0
39180,24159,control,84407,2012-11-03 23:28:08,2012-11-03,desktop,1,,,0,1,1,1494.0,49.99,0.0,49.99,0
39185,35642,treatment,84418,2012-11-04 00:22:46,2012-11-04,mobile,0,gsearch,nonbrand,0,0,1,1495.0,49.99,0.0,49.99,0
39191,35647,treatment,84431,2012-11-04 02:08:53,2012-11-04,desktop,0,gsearch,nonbrand,0,0,1,1496.0,49.99,0.0,49.99,0
39193,35649,control,84439,2012-11-04 02:44:47,2012-11-04,desktop,0,gsearch,nonbrand,0,0,0,,0.0,0.0,0.0,0
39195,35651,treatment,84445,2012-11-04 03:03:26,2012-11-04,mobile,0,gsearch,nonbrand,0,0,1,1497.0,49.99,0.0,49.99,0
39210,35663,control,84484,2012-11-04 08:03:42,2012-11-04,desktop,0,gsearch,nonbrand,0,0,0,,0.0,0.0,0.0,0
39211,35664,control,84487,2012-11-04 08:06:25,2012-11-04,desktop,0,gsearch,nonbrand,0,0,1,1498.0,49.99,0.0,49.99,0
39227,35679,control,84524,2012-11-04 10:05:30,2012-11-04,desktop,0,bsearch,nonbrand,0,0,0,,0.0,0.0,0.0,0
39258,35707,control,84580,2012-11-04 14:16:48,2012-11-04,desktop,0,gsearch,nonbrand,0,0,1,1499.0,49.99,0.0,49.99,0
39263,35712,treatment,84600,2012-11-04 14:56:23,2012-11-04,desktop,0,gsearch,nonbrand,0,0,1,1500.0,49.99,0.0,49.99,0
39264,35713,control,84604,2012-11-04 15:01:43,2012-11-04,desktop,0,gsearch,nonbrand,0,0,1,1501.0,49.99,0.0,49.99,0
39266,35715,treatment,84613,2012-11-04 15:17:06,2012-11-04,desktop,0,gsearch,nonbrand,0,0,1,1502.0,49.99,0.0,49.99,0
39278,35725,treatment,84641,2012-11-04 16:25:09,2012-11-04,desktop,0,gsearch,nonbrand,0,0,1,1503.0,49.99,0.0,49.99,0
39308,35751,control,84703,2012-11-04 20:53:48,2012-11-04,desktop,0,gsearch,nonbrand,0,0,0,,0.0,0.0,0.0,0
39309,35752,control,84706,2012-11-04 20:56:38,2012-11-04,mobile,0,gsearch,nonbrand,0,0,1,1504.0,49.99,0.0,49.99,0
39329,35771,treatment,84748,2012-11-04 22:58:54,2012-11-04,desktop,0,gsearch,nonbrand,0,0,0,,0.0,0.0,0.0,0
39338,35779,control,84779,2012-11-05 00:09:46,2012-11-05,desktop,0,gsearch,nonbrand,0,0,0,,0.0,0.0,0.0,0
39341,35782,treatment,84786,2012-11-05 00:19:50,2012-11-05,desktop,0,gsearch,nonbrand,0,0,1,1505.0,49.99,0.0,49.99,0
39345,35786,control,84799,2012-11-05 00:30:23,2012-11-05,desktop,0,gsearch,brand,0,0,0,,0.0,0.0,0.0,0
39360,35801,control,84835,2012-11-05 02:17:25,2012-11-05,desktop,0,gsearch,nonbrand,0,0,1,1506.0,49.99,0.0,49.99,0
39381,35821,control,84887,2012-11-05 05:16:01,2012-11-05,mobile,0,gsearch,nonbrand,0,0,0,,0.0,0.0,0.0,0
39415,35852,control,84958,2012-11-05 09:26:11,2012-11-05,desktop,0,gsearch,nonbrand,0,0,0,,0.0,0.0,0.0,0
39426,35862,control,84989,2012-11-05 10:07:30,2012-11-05,desktop,0,gsearch,nonbrand,0,0,1,1507.0,49.99,0.0,49.99,0
39438,35873,treatment,85014,2012-11-05 10:30:30,2012-11-05,desktop,0,gsearch,nonbrand,0,0,0,,0.0,0.0,0.0,0
39475,35906,treatment,85086,2012-11-05 11:50:57,2012-11-05,desktop,0,gsearch,nonbrand,0,0,1,1508.0,49.99,0.0,49.99,0
39485,35915,control,85111,2012-11-05 12:32:20,2012-11-05,desktop,0,gsearch,nonbrand,0,0,0,,0.0,0.0,0.0,0
39515,31830,treatment,85174,2012-11-05 13:56:24,2012-11-05,desktop,1,bsearch,brand,0,0,0,,0.0,0.0,0.0,0
39536,35959,treatment,85210,2012-11-05 14:46:23,2012-11-05,desktop,0,gsearch,nonbrand,0,0,1,1509.0,49.99,0.0,49.99,0
39540,35963,control,85227,2012-11-05 15:05:09,2012-11-05,desktop,0,bsearch,nonbrand,0,0,0,,0.0,0.0,0.0,0
39570,35986,control,85283,2012-11-05 16:17:45,2012-11-05,desktop,0,bsearch,nonbrand,0,0,1,1510.0,49.99,0.0,49.99,0
39573,35989,control,85296,2012-11-05 16:25:49,2012-11-05,desktop,0,bsearch,nonbrand,0,0,1,1511.0,49.99,0.0,49.99,0
39575,35990,treatment,85305,2012-11-05 16:35:41,2012-11-05,desktop,0,gsearch,nonbrand,0,0,0,,0.0,0.0,0.0,0
39613,36025,control,85376,2012-11-05 18:31:34,2012-11-05,desktop,0,gsearch,nonbrand,0,0,1,1512.0,49.99,0.0,49.99,0
39614,36026,treatment,85378,2012-11-05 18:33:42,2012-11-05,desktop,0,bsearch,nonbrand,0,0,1,1513.0,49.99,0.0,49.99,0
39618,36030,control,85384,2012-11-05 18:39:01,2012-11-05,desktop,0,gsearch,nonbrand,0,0,1,1514.0,49.99,0.0,49.99,0
39622,36034,control,85395,2012-11-05 19:00:45,2012-11-05,desktop,0,gsearch,nonbrand,0,0,0,,0.0,0.0,0.0,0
39631,36042,control,85419,2012-11-05 19:28:48,2012-11-05,desktop,0,gsearch,nonbrand,0,0,0,,0.0,0.0,0.0,0
39636,36046,control,85434,2012-11-05 19:54:25,2012-11-05,desktop,0,gsearch,nonbrand,0,0,1,1515.0,49.99,49.99,0.0,1
39638,36048,treatment,85444,2012-11-05 20:04:11,2012-11-05,desktop,0,gsearch,nonbrand,0,0,0,,0.0,0.0,0.0,0
39659,33555,treatment,85488,2012-11-05 21:56:49,2012-11-05,desktop,1,,,0,0,0,,0.0,0.0,0.0,0
39661,36069,control,85493,2012-11-05 22:00:38,2012-11-05,desktop,0,gsearch,nonbrand,0,0,0,,0.0,0.0,0.0,0
39704,19836,treatment,85575,2012-11-06 03:09:11,2012-11-06,desktop,1,gsearch,brand,0,0,1,1516.0,49.99,0.0,49.99,0
39711,36113,control,85596,2012-11-06 04:44:40,2012-11-06,desktop,0,gsearch,nonbrand,0,0,0,,0.0,0.0,0.0,0
39722,36122,control,85617,2012-11-06 06:25:38,2012-11-06,desktop,0,bsearch,nonbrand,0,0,1,1517.0,49.99,0.0,49.99,0
39725,36125,treatment,85628,2012-11-06 06:51:31,2012-11-06,desktop,0,gsearch,nonbrand,0,0,1,1518.0,49.99,0.0,49.99,0
39727,36127,control,85632,2012-11-06 06:55:17,2012-11-06,desktop,0,gsearch,nonbrand,0,0,0,,0.0,0.0,0.0,0
39746,36145,treatment,85676,2012-11-06 08:36:49,2012-11-06,desktop,0,,,0,0,1,1519.0,49.99,0.0,49.99,0
39754,36152,control,85701,2012-11-06 09:21:03,2012-11-06,desktop,0,gsearch,nonbrand,0,0,0,,0.0,0.0,0.0,0
39762,36158,treatment,85730,2012-11-06 09:46:11,2012-11-06,desktop,0,bsearch,nonbrand,0,0,1,1520.0,49.99,0.0,49.99,0
39774,36170,treatment,85745,2012-11-06 10:00:07,2012-11-06,desktop,0,gsearch,nonbrand,0,0,1,1521.0,49.99,0.0,49.99,0
39775,36171,control,85749,2012-11-06 10:02:53,2012-11-06,desktop,0,gsearch,nonbrand,0,0,0,,0.0,0.0,0.0,0
39783,36178,treatment,85774,2012-11-06 10:29:51,2012-11-06,desktop,0,gsearch,nonbrand,0,0,1,1522.0,49.99,0.0,49.99,0
39803,36196,control,85821,2012-11-06 11:21:23,2012-11-06,desktop,0,gsearch,nonbrand,0,0,0,,0.0,0.0,0.0,0
39825,36216,control,85864,2012-11-06 12:28:39,2012-11-06,desktop,0,gsearch,nonbrand,0,0,1,1523.0,49.99,0.0,49.99,0
39852,30592,treatment,85911,2012-11-06 13:02:04,2012-11-06,desktop,1,gsearch,brand,0,0,0,,0.0,0.0,0.0,0
39874,36257,control,85945,2012-11-06 14:00:10,2012-11-06,desktop,0,gsearch,nonbrand,0,0,1,1524.0,49.99,0.0,49.99,0
39880,36262,control,85972,2012-11-06 14:14:21,2012-11-06,desktop,0,gsearch,nonbrand,0,0,0,,0.0,0.0,0.0,0
39886,36268,treatment,85989,2012-11-06 14:25:11,2012-11-06,desktop,0,bsearch,nonbrand,0,0,1,1525.0,49.99,49.99,0.0,1
39896,36278,control,86009,2012-11-06 14:46:41,2012-11-06,desktop,0,gsearch,nonbrand,0,0,1,1526.0,49.99,0.0,49.99,0
39901,34437,control,86029,2012-11-06 14:58:44,2012-11-06,desktop,1,gsearch,brand,0,0,1,1527.0,49.99,0.0,49.99,0
39902,36283,control,86034,2012-11-06 15:00:33,2012-11-06,desktop,0,gsearch,nonbrand,0,0,0,,0.0,0.0,0.0,0
39909,22180,treatment,86046,2012-11-06 15:17:20,2012-11-06,desktop,1,,,0,0,1,1528.0,49.99,49.99,0.0,1
39913,36292,treatment,86050,2012-11-06 15:21:20,2012-11-06,desktop,0,gsearch,nonbrand,0,0,1,1529.0,49.99,0.0,49.99,0
39924,36303,control,86082,2012-11-06 16:08:43,2012-11-06,mobile,0,gsearch,nonbrand,0,0,0,,0.0,0.0,0.0,0
39925,36304,control,86087,2012-11-06 16:11:51,2012-11-06,desktop,0,gsearch,nonbrand,0,0,0,,0.0,0.0,0.0,0
39944,36322,treatment,86134,2012-11-06 16:48:57,2012-11-06,desktop,0,bsearch,nonbrand,0,0,1,1530.0,49.99,0.0,49.99,0
39947,36325,treatment,86152,2012-11-06 17:01:48,2012-11-06,desktop,0,gsearch,nonbrand,0,0,1,1531.0,49.99,0.0,49.99,0
39962,36337,control,86175,2012-11-06 17:26:06,2012-11-06,desktop,0,gsearch,nonbrand,0,0,1,1532.0,49.99,49.99,0.0,1
39973,36348,treatment,86201,2012-11-06 17:57:02,2012-11-06,desktop,0,gsearch,nonbrand,0,0,1,1533.0,49.99,0.0,49.99,0
39977,36352,treatment,86224,2012-11-06 18:12:04,2012-11-06,mobile,0,gsearch,nonbrand,0,0,1,1534.0,49.99,0.0,49.99,0
39987,36358,control,86243,2012-11-06 18:42:37,2012-11-06,desktop,0,gsearch,nonbrand,0,0,0,,0.0,0.0,0.0,0
40019,36387,treatment,86285,2012-11-06 20:28:31,2012-11-06,desktop,0,bsearch,nonbrand,0,0,1,1535.0,49.99,0.0,49.99,0
40045,28258,treatment,86342,2012-11-06 22:08:33,2012-11-06,desktop,1,bsearch,brand,0,0,1,1536.0,49.99,0.0,49.99,0
40067,30102,treatment,86376,2012-11-06 23:47:49,2012-11-06,desktop,1,,,0,0,0,,0.0,0.0,0.0,0
40072,36435,treatment,86392,2012-11-07 00:44:41,2012-11-07,mobile,0,gsearch,nonbrand,0,0,0,,0.0,0.0,0.0,0
40086,36448,treatment,86424,2012-11-07 02:33:19,2012-11-07,mobile,0,gsearch,nonbrand,0,0,1,1537.0,49.99,0.0,49.99,0
40088,36450,treatment,86437,2012-11-07 02:56:02,2012-11-07,desktop,0,gsearch,nonbrand,0,0,0,,0.0,0.0,0.0,0
40100,36462,treatment,86461,2012-11-07 05:08:23,2012-11-07,desktop,0,bsearch,nonbrand,0,0,1,1538.0,49.99,0.0,49.99,0
40103,36464,control,86471,2012-11-07 05:51:19,2012-11-07,desktop,0,bsearch,nonbrand,0,0,1,1539.0,49.99,0.0,49.99,0
40113,36474,treatment,86491,2012-11-07 07:55:04,2012-11-07,desktop,0,gsearch,nonbrand,0,0,1,1540.0,49.99,0.0,49.99,0
40120,36481,treatment,86511,2012-11-07 08:39:53,2012-11-07,desktop,0,gsearch,nonbrand,0,0,1,1541.0,49.99,0.0,49.99,0
40129,21524,treatment,86540,2012-11-07 09:09:20,2012-11-07,desktop,1,bsearch,brand,0,0,0,,0.0,0.0,0.0,0
40131,36489,treatment,86550,2012-11-07 09:19:02,2012-11-07,mobile,0,gsearch,nonbrand,0,0,0,,0.0,0.0,0.0,0
40142,36498,treatment,86569,2012-11-07 09:43:59,2012-11-07,desktop,0,bsearch,nonbrand,0,0,1,1542.0,49.99,0.0,49.99,0
40159,36513,control,86606,2012-11-07 10:36:33,2012-11-07,desktop,0,gsearch,nonbrand,0,0,1,1543.0,49.99,0.0,49.99,0
40171,36525,treatment,86625,2012-11-07 10:54:02,2012-11-07,desktop,0,gsearch,nonbrand,0,0,1,1544.0,49.99,49.99,0.0,1
40224,36575,treatment,86738,2012-11-07 12:32:16,2012-11-07,desktop,0,gsearch,brand,0,0,0,,0.0,0.0,0.0,0
40262,36608,control,86814,2012-11-07 13:52:49,2012-11-07,mobile,0,gsearch,nonbrand,0,0,0,,0.0,0.0,0.0,0
40280,36625,control,86849,2012-11-07 14:31:16,2012-11-07,desktop,0,gsearch,nonbrand,0,0,1,1545.0,49.99,0.0,49.99,0
40309,36650,control,86912,2012-11-07 15:25:13,2012-11-07,desktop,0,gsearch,nonbrand,0,0,0,,0.0,0.0,0.0,0
40308,29750,control,86917,2012-11-07 15:29:18,2012-11-07,desktop,1,,,0,0,1,1546.0,49.99,0.0,49.99,0
40321,36661,control,86939,2012-11-07 15:50:14,2012-11-07,desktop,0,bsearch,nonbrand,0,0,1,1547.0,49.99,49.99,0.0,1
40328,22621,treatment,86952,2012-11-07 16:07:57,2012-11-07,mobile,1,gsearch,brand,0,0,1,1548.0,49.99,0.0,49.99,0
40337,36676,treatment,86978,2012-11-07 16:34:02,2012-11-07,desktop,0,gsearch,nonbrand,0,0,1,1549.0,49.99,0.0,49.99,0
40357,36695,treatment,87013,2012-11-07 17:22:09,2012-11-07,desktop,0,gsearch,nonbrand,0,0,1,1550.0,49.99,0.0,49.99,0
40366,36704,control,87038,2012-11-07 17:45:01,2012-11-07,desktop,0,gsearch,nonbrand,0,0,0,,0.0,0.0,0.0,0
40381,36717,treatment,87063,2012-11-07 18:26:17,2012-11-07,desktop,0,gsearch,nonbrand,0,0,1,1551.0,49.99,0.0,49.99,0
40382,36718,treatment,87066,2012-11-07 18:29:55,2012-11-07,desktop,0,gsearch,nonbrand,0,0,1,1552.0,49.99,49.99,0.0,1
40400,36733,control,87106,2012-11-07 19:50:30,2012-11-07,desktop,0,gsearch,nonbrand,0,0,0,,0.0,0.0,0.0,0
40404,34375,treatment,87119,2012-11-07 20:11:58,2012-11-07,desktop,1,,,0,0,0,,0.0,0.0,0.0,0
40407,23974,control,87128,2012-11-07 20:27:11,2012-11-07,mobile,1,gsearch,brand,0,1,1,1553.0,49.99,0.0,49.99,0
40435,36766,treatment,87186,2012-11-07 22:23:28,2012-11-07,desktop,0,bsearch,nonbrand,0,0,1,1554.0,49.99,0.0,49.99,0
40437,36768,control,87199,2012-11-07 22:54:05,2012-11-07,desktop,0,gsearch,nonbrand,0,0,0,,0.0,0.0,0.0,0
40438,36769,control,87202,2012-11-07 22:58:28,2012-11-07,desktop,0,bsearch,nonbrand,0,0,1,1555.0,49.99,0.0,49.99,0
40444,36775,control,87218,2012-11-07 23:29:00,2012-11-07,desktop,0,bsearch,nonbrand,0,0,0,,0.0,0.0,0.0,0
40448,36778,control,87229,2012-11-07 23:58:25,2012-11-07,desktop,0,bsearch,nonbrand,0,0,1,1556.0,49.99,0.0,49.99,0
40452,36782,treatment,87239,2012-11-08 00:22:39,2012-11-08,desktop,0,gsearch,nonbrand,0,0,0,,0.0,0.0,0.0,0
40460,36790,treatment,87255,2012-11-08 01:45:18,2012-11-08,desktop,0,gsearch,nonbrand,0,0,1,1557.0,49.99,0.0,49.99,0
40473,36802,treatment,87296,2012-11-08 04:45:38,2012-11-08,desktop,0,,,0,0,1,1558.0,49.99,0.0,49.99,0
40485,36811,treatment,87320,2012-11-08 06:41:13,2012-11-08,desktop,0,gsearch,nonbrand,0,0,0,,0.0,0.0,0.0,0
40493,36818,control,87337,2012-11-08 07:11:20,2012-11-08,desktop,0,bsearch,nonbrand,0,0,0,,0.0,0.0,0.0,0
40501,36824,control,87360,2012-11-08 08:04:16,2012-11-08,desktop,0,gsearch,nonbrand,0,0,0,,0.0,0.0,0.0,0
40541,36860,treatment,87419,2012-11-08 10:38:39,2012-11-08,desktop,0,gsearch,nonbrand,0,0,1,1559.0,49.99,49.99,0.0,1
40554,36873,treatment,87453,2012-11-08 11:31:39,2012-11-08,mobile,0,gsearch,nonbrand,0,0,0,,0.0,0.0,0.0,0
40558,36877,control,87460,2012-11-08 11:38:09,2012-11-08,desktop,0,gsearch,nonbrand,0,0,1,1560.0,49.99,0.0,49.99,0
40582,36899,control,87517,2012-11-08 12:37:36,2012-11-08,desktop,0,gsearch,nonbrand,0,0,0,,0.0,0.0,0.0,0
40599,36916,control,87556,2012-11-08 13:19:28,2012-11-08,desktop,0,gsearch,nonbrand,0,0,1,1561.0,49.99,0.0,49.99,0
40606,36923,control,87572,2012-11-08 13:31:28,2012-11-08,mobile,0,gsearch,nonbrand,0,0,0,,0.0,0.0,0.0,0
40682,36991,treatment,87717,2012-11-08 16:45:03,2012-11-08,mobile,0,gsearch,nonbrand,0,0,1,1562.0,49.99,0.0,49.99,0
40683,36992,treatment,87726,2012-11-08 16:51:50,2012-11-08,desktop,0,gsearch,nonbrand,0,0,0,,0.0,0.0,0.0,0
40704,37010,control,87771,2012-11-08 17:56:39,2012-11-08,desktop,0,gsearch,nonbrand,0,0,0,,0.0,0.0,0.0,0
40708,37013,control,87779,2012-11-08 18:10:26,2012-11-08,desktop,0,gsearch,nonbrand,0,0,0,,0.0,0.0,0.0,0
40711,37016,control,87791,2012-11-08 18:26:29,2012-11-08,desktop,0,bsearch,nonbrand,0,0,1,1563.0,49.99,0.0,49.99,0
40726,37031,control,87826,2012-11-08 20:17:00,2012-11-08,desktop,0,gsearch,nonbrand,0,0,0,,0.0,0.0,0.0,0
40745,37049,treatment,87861,2012-11-08 21:57:12,2012-11-08,desktop,0,bsearch,nonbrand,0,0,0,,0.0,0.0,0.0,0
40748,37052,control,87876,2012-11-08 22:30:10,2012-11-08,desktop,0,bsearch,nonbrand,0,0,0,,0.0,0.0,0.0,0
40764,37066,treatment,87907,2012-11-08 23:14:20,2012-11-08,desktop,0,gsearch,nonbrand,0,0,0,,0.0,0.0,0.0,0
40770,37072,control,87918,2012-11-08 23:51:39,2012-11-08,desktop,0,gsearch,nonbrand,0,0,1,1564.0,49.99,0.0,49.99,0
40793,37094,control,87974,2012-11-09 03:02:28,2012-11-09,desktop,0,gsearch,nonbrand,0,0,0,,0.0,0.0,0.0,0
40800,37100,control,87984,2012-11-09 03:53:12,2012-11-09,desktop,0,gsearch,nonbrand,0,0,0,,0.0,0.0,0.0,0
40804,37104,control,87999,2012-11-09 04:31:44,2012-11-09,desktop,0,bsearch,nonbrand,0,0,1,1565.0,49.99,0.0,49.99,0
40812,37111,treatment,88009,2012-11-09 05:06:24,2012-11-09,desktop,0,bsearch,nonbrand,0,0,1,1566.0,49.99,0.0,49.99,0
40818,37116,treatment,88025,2012-11-09 06:09:08,2012-11-09,desktop,0,gsearch,nonbrand,0,0,0,,0.0,0.0,0.0,0
40829,37127,control,88049,2012-11-09 06:51:55,2012-11-09,desktop,0,bsearch,nonbrand,0,0,1,1567.0,49.99,0.0,49.99,0
40839,37137,control,88068,2012-11-09 08:00:20,2012-11-09,desktop,0,,,0,0,1,1569.0,49.99,0.0,49.99,0
40840,37138,treatment,88075,2012-11-09 08:05:08,2012-11-09,desktop,0,bsearch,nonbrand,0,0,1,1568.0,49.99,0.0,49.99,0
40843,37141,treatment,88087,2012-11-09 08:14:15,2012-11-09,desktop,0,,,0,0,1,1570.0,49.99,0.0,49.99,0
40850,37147,treatment,88110,2012-11-09 08:55:54,2012-11-09,desktop,0,gsearch,nonbrand,0,0,1,1571.0,49.99,0.0,49.99,0
40851,37148,control,88114,2012-11-09 08:59:16,2012-11-09,desktop,0,bsearch,nonbrand,0,0,0,,0.0,0.0,0.0,0
40860,37157,treatment,88146,2012-11-09 09:22:49,2012-11-09,desktop,0,bsearch,nonbrand,0,0,1,1572.0,49.99,0.0,49.99,0
40866,37162,treatment,88158,2012-11-09 09:39:30,2012-11-09,desktop,0,,,0,0,1,1573.0,49.99,0.0,49.99,0
40900,37193,treatment,88223,2012-11-09 11:20:19,2012-11-09,desktop,0,gsearch,nonbrand,0,0,1,1574.0,49.99,0.0,49.99,0
40903,37196,treatment,88239,2012-11-09 11:36:46,2012-11-09,desktop,0,gsearch,nonbrand,0,0,1,1575.0,49.99,0.0,49.99,0
40911,28334,control,88249,2012-11-09 11:47:05,2012-11-09,mobile,1,gsearch,brand,0,0,0,,0.0,0.0,0.0,0
40917,37209,treatment,88276,2012-11-09 12:04:08,2012-11-09,desktop,0,bsearch,nonbrand,0,0,0,,0.0,0.0,0.0,0
40922,37214,treatment,88286,2012-11-09 12:13:27,2012-11-09,desktop,0,bsearch,nonbrand,0,0,1,1576.0,49.99,49.99,0.0,1
40937,37225,control,88314,2012-11-09 13:01:41,2012-11-09,desktop,0,bsearch,nonbrand,0,0,1,1577.0,49.99,0.0,49.99,0
40945,37232,control,88335,2012-11-09 13:23:35,2012-11-09,desktop,0,gsearch,nonbrand,0,0,0,,0.0,0.0,0.0,0
40950,30995,control,88348,2012-11-09 13:43:01,2012-11-09,desktop,1,,,0,0,0,,0.0,0.0,0.0,0
40953,37239,treatment,88357,2012-11-09 13:54:07,2012-11-09,desktop,0,bsearch,nonbrand,0,0,1,1578.0,49.99,0.0,49.99,0
40957,37243,treatment,88369,2012-11-09 14:04:57,2012-11-09,mobile,0,,,0,0,1,1579.0,49.99,0.0,49.99,0
40961,37247,treatment,88383,2012-11-09 14:19:57,2012-11-09,desktop,0,gsearch,nonbrand,0,0,0,,0.0,0.0,0.0,0
41010,37291,control,88488,2012-11-09 16:35:44,2012-11-09,desktop,0,gsearch,nonbrand,0,0,0,,0.0,0.0,0.0,0
41014,37295,treatment,88496,2012-11-09 16:47:06,2012-11-09,desktop,0,gsearch,nonbrand,0,0,1,1580.0,49.99,0.0,49.99,0
41024,37305,control,88519,2012-11-09 17:15:26,2012-11-09,desktop,0,gsearch,nonbrand,0,0,0,,0.0,0.0,0.0,0
41058,37335,control,88577,2012-11-09 19:16:57,2012-11-09,desktop,0,gsearch,nonbrand,0,0,0,,0.0,0.0,0.0,0
41089,37362,treatment,88643,2012-11-09 22:11:29,2012-11-09,desktop,0,gsearch,brand,0,0,0,,0.0,0.0,0.0,0
